model,fold,weighted_log_loss,balanced_accuracy,macro_f1,ordinal_mae,skip_error_rate,accuracy,auc_ovr,condition_left_neural_foraminal_narrowing_weighted_log_loss,condition_left_neural_foraminal_narrowing_balanced_accuracy,condition_left_neural_foraminal_narrowing_macro_f1,condition_left_neural_foraminal_narrowing_ordinal_mae,condition_left_neural_foraminal_narrowing_skip_error_rate,condition_left_neural_foraminal_narrowing_accuracy,condition_left_neural_foraminal_narrowing_auc_ovr,condition_left_subarticular_stenosis_weighted_log_loss,condition_left_subarticular_stenosis_balanced_accuracy,condition_left_subarticular_stenosis_macro_f1,condition_left_subarticular_stenosis_ordinal_mae,condition_left_subarticular_stenosis_skip_error_rate,condition_left_subarticular_stenosis_accuracy,condition_left_subarticular_stenosis_auc_ovr,condition_right_neural_foraminal_narrowing_weighted_log_loss,condition_right_neural_foraminal_narrowing_balanced_accuracy,condition_right_neural_foraminal_narrowing_macro_f1,condition_right_neural_foraminal_narrowing_ordinal_mae,condition_right_neural_foraminal_narrowing_skip_error_rate,condition_right_neural_foraminal_narrowing_accuracy,condition_right_neural_foraminal_narrowing_auc_ovr,condition_right_subarticular_stenosis_weighted_log_loss,condition_right_subarticular_stenosis_balanced_accuracy,condition_right_subarticular_stenosis_macro_f1,condition_right_subarticular_stenosis_ordinal_mae,condition_right_subarticular_stenosis_skip_error_rate,condition_right_subarticular_stenosis_accuracy,condition_right_subarticular_stenosis_auc_ovr,condition_spinal_canal_stenosis_weighted_log_loss,condition_spinal_canal_stenosis_balanced_accuracy,condition_spinal_canal_stenosis_macro_f1,condition_spinal_canal_stenosis_ordinal_mae,condition_spinal_canal_stenosis_skip_error_rate,condition_spinal_canal_stenosis_accuracy,condition_spinal_canal_stenosis_auc_ovr,level_l1_l2_weighted_log_loss,level_l1_l2_balanced_accuracy,level_l1_l2_macro_f1,level_l1_l2_ordinal_mae,level_l1_l2_skip_error_rate,level_l1_l2_accuracy,level_l1_l2_auc_ovr,level_l2_l3_weighted_log_loss,level_l2_l3_balanced_accuracy,level_l2_l3_macro_f1,level_l2_l3_ordinal_mae,level_l2_l3_skip_error_rate,level_l2_l3_accuracy,level_l2_l3_auc_ovr,level_l3_l4_weighted_log_loss,level_l3_l4_balanced_accuracy,level_l3_l4_macro_f1,level_l3_l4_ordinal_mae,level_l3_l4_skip_error_rate,level_l3_l4_accuracy,level_l3_l4_auc_ovr,level_l4_l5_weighted_log_loss,level_l4_l5_balanced_accuracy,level_l4_l5_macro_f1,level_l4_l5_ordinal_mae,level_l4_l5_skip_error_rate,level_l4_l5_accuracy,level_l4_l5_auc_ovr,level_l5_s1_weighted_log_loss,level_l5_s1_balanced_accuracy,level_l5_s1_macro_f1,level_l5_s1_ordinal_mae,level_l5_s1_skip_error_rate,level_l5_s1_accuracy,level_l5_s1_auc_ovr
cbm_leaky,fold_0,0.5066505486739168,0.7319229603804726,0.6953740398956859,0.18195924278473155,0.005586014275369815,0.8236267714906382,0.9179363611498544,0.5372346738368485,0.7004545868936424,0.6549779029704693,0.21278772378516625,0.0020460358056265983,0.7892583120204604,0.9095901351225514,0.5471201347564938,0.7480215909610722,0.7144907267580431,0.194750656167979,0.008398950131233596,0.8136482939632546,0.9128941620912222,0.478495425011463,0.7526508127640613,0.7023689603923163,0.1867007672634271,0.001534526854219949,0.8148337595907928,0.9147531797090936,0.6253642026378174,0.6891363712963813,0.6794165237721487,0.22280334728033474,0.00889121338912134,0.7860878661087866,0.8949898021042081,0.31349234164743256,0.743518416345343,0.6930556326809145,0.09329896907216495,0.007216494845360825,0.9139175257731958,0.9561814938708166,0.2239703682352317,0.5929714144910315,0.6052798373594834,0.042993630573248405,0.0031847133757961785,0.9601910828025477,0.9650956624563453,0.380136162381321,0.6794571677360995,0.6761062038241211,0.099113197704747,0.005738132498695879,0.9066249347939489,0.948964884274563,0.5195699198922008,0.7429272319187743,0.7120872525435855,0.19120654396728015,0.002556237218813906,0.8113496932515337,0.9092336201553852,0.6656776446978034,0.7076862344303434,0.6738520410173954,0.3168114460909555,0.008686765457332652,0.6918753193663771,0.8680284234028065,0.6172683155990992,0.6938655298801234,0.6536498356202108,0.2529441884280594,0.007680491551459293,0.7547363031233999,0.8805542757916053
cbm_leaky,fold_1,0.5124788707687298,0.7382522233053838,0.6972697220296721,0.1856613865459782,0.005862991154083522,0.8202016046081053,0.9167123487423585,0.5041684313584547,0.7278665301245947,0.6942912550130096,0.18838383838383838,0.0025252525252525255,0.8141414141414142,0.918840427463033,0.5799910964114741,0.7223250781978298,0.6890350195936058,0.23406478578892373,0.005747126436781609,0.7716823406478579,0.9067208199663682,0.4984278565761361,0.744977032013308,0.714414591544306,0.17866258295048495,0.0030627871362940277,0.8244002041858091,0.9071790963740333,0.6235605080000856,0.7145698323562177,0.670713087279431,0.2304075235109718,0.012016718913270637,0.7816091954022989,0.8909086568801943,0.32608158592260333,0.7418670881133532,0.6948420210312816,0.09872122762148337,0.006138107416879796,0.9074168797953964,0.9572281261035974,0.1762501343997004,0.617480546828373,0.5871115322403117,0.049014384656366546,0.002663825253063399,0.9536494405966969,0.9724851531118176,0.377346419051842,0.6976323541524344,0.6698553358470681,0.11203319502074689,0.0031120331950207467,0.8910788381742739,0.9342704252011883,0.5669450933471022,0.7019800160713241,0.6814866831517085,0.20860759493670886,0.002531645569620253,0.7939240506329114,0.9035450742680543,0.6603435022234261,0.7223845455765843,0.6844814167046933,0.30730223123732253,0.011663286004056795,0.7043610547667343,0.8687644135300837,0.6316652365221697,0.7061718439647985,0.6701128593749838,0.2431472081218274,0.009137055837563452,0.7659898477157361,0.8729834667385686
cbm_leaky,fold_2,0.5332103920672318,0.728417893965275,0.6748528282772255,0.21717639789928947,0.006693440428380187,0.7895170425290907,0.9129487313002067,0.5569499871378505,0.6989432222424669,0.6431068104287297,0.25316455696202533,0.004556962025316456,0.7513924050632912,0.9033545774071813,0.5654202735750593,0.73210111495955,0.6970129210534516,0.22722513089005236,0.007853403141361256,0.7806282722513089,0.9070990917354719,0.5750091004080476,0.7132125215970716,0.6390906482668014,0.23604060913705585,0.005076142131979695,0.7690355329949239,0.8972960556737214,0.574484271537972,0.7083953578080834,0.6734902376736501,0.23717277486910995,0.005759162303664921,0.768586387434555,0.8989564718796602,0.3752866234702323,0.740721442081584,0.6703400655061875,0.13206577595066804,0.010277492291880781,0.8782117163412128,0.9522055912172521,0.2134257599681245,0.6399704555002913,0.6126828360711419,0.05528973950026582,0.001063264221158958,0.9457735247208932,0.9637096071925618,0.3767795735522687,0.683064415174365,0.6367264176026568,0.1289144050104384,0.0036534446764091857,0.8747390396659708,0.9414244778963042,0.5358473902908321,0.7472712266584133,0.7030711008985703,0.22453117080587937,0.0005068423720223011,0.7759756715661429,0.9079664199313507,0.674326466192487,0.6914832501513432,0.6508923765416187,0.36289913836796756,0.013684744044602128,0.6507856056766346,0.8629617470125036,0.7154092081211261,0.6469580391851931,0.596631454474957,0.304369918699187,0.014227642276422764,0.7098577235772358,0.85726248097532
cbm_leaky,fold_3,0.516705999827243,0.7480767725228562,0.7026474911351538,0.1958667489204195,0.005552128315854411,0.809685379395435,0.9166770789792821,0.547032542342246,0.7310143125942807,0.6922127893760512,0.20304568527918782,0.0040609137055837565,0.8010152284263959,0.9049709352764431,0.5850288645515765,0.7389033716239205,0.6873610656558808,0.2513007284079084,0.006763787721123829,0.7554630593132154,0.9071047351041169,0.5112790606062727,0.7477242532798244,0.7005515153693476,0.19338422391857507,0.0035623409669211198,0.8101781170483461,0.9177907547289789,0.5559582792326121,0.7432531678127271,0.6824219220303883,0.2494802494802495,0.009355509355509356,0.7598752598752598,0.9027933777648419,0.36237949685249604,0.7000320128051221,0.7114219114219115,0.0832904884318766,0.004113110539845758,0.9208226221079692,0.9497897657587635,0.26218624498565474,0.6170961147493899,0.6018165416544842,0.06945917285259809,0.003181336161187699,0.9337221633085896,0.9521175113565912,0.38470878841594364,0.7133988884897032,0.6698866285379372,0.1265495867768595,0.002066115702479339,0.8755165289256198,0.9320919363618642,0.5076714771093155,0.7815999218019011,0.7327275081925021,0.20030503304524658,0.0020335536349771225,0.8017285205897305,0.9125971909100334,0.6243896976612869,0.7220448905571463,0.7018871474480366,0.29456576942610463,0.006094464195022855,0.7115286947689182,0.8818614539027291,0.6829371291257562,0.6816001514088844,0.6241582402456971,0.2820121951219512,0.014227642276422764,0.7322154471544715,0.8596447444404808
cbm_leaky,fold_4,0.5192861835350935,0.7397942268408589,0.7078845115102856,0.176787712338521,0.006611738378598311,0.8298240260400773,0.9190292681545795,0.5844861326884904,0.6985755816048117,0.6393682495857792,0.19646464646464645,0.010606060606060607,0.8141414141414142,0.900240809231757,0.5500600363295033,0.7435960457832277,0.7390968866823293,0.18032786885245902,0.004098360655737705,0.8237704918032787,0.9240806750364516,0.5507917674004994,0.7415242262538478,0.6973532553122506,0.19393939393939394,0.0065656565656565654,0.8126262626262626,0.9101923782467307,0.5641647766931772,0.7316927271384005,0.7078490471342233,0.19774590163934427,0.007684426229508197,0.8099385245901639,0.9044345895292097,0.32371340604305543,0.7542172722210195,0.6895581266155274,0.1154041687849517,0.004067107269954245,0.8886629384850026,0.9561284909687545,0.2335484559663312,0.5751532342070679,0.5708540380464789,0.050645994832041345,0.0020671834625322996,0.951421188630491,0.9486341026251122,0.395143729762429,0.7113814419702774,0.6831996766609634,0.11088400613183444,0.004087889626980072,0.8932038834951457,0.9273865825047033,0.5888640114323872,0.720580667264613,0.7019369136310171,0.21717171717171718,0.00404040404040404,0.7868686868686868,0.8964744311028509,0.5826050591468661,0.7556175873279436,0.7285603857668413,0.2590909090909091,0.0065656565656565654,0.7474747474747475,0.8944166466798875,0.6855188659525708,0.6738298268443597,0.639076481488483,0.2425467407781708,0.01616978271854472,0.7736230419403739,0.8699451552818243
cbm_nonleaky,fold_0,0.5256716245414077,0.6899964685240842,0.6938746931248411,0.15578773145753594,0.005275680148960381,0.8494879486914244,0.9294614767468471,0.5438769998111501,0.6321294930340878,0.6500968210006141,0.16163682864450127,0.004092071611253197,0.8424552429667519,0.9214729710671795,0.5610035804064812,0.7106722564542842,0.7051231278069623,0.17795275590551182,0.007349081364829396,0.8293963254593176,0.9278325389894536,0.5299611204780597,0.6673531567930843,0.6790262929740566,0.14731457800511508,0.0020460358056265983,0.8547314578005115,0.9229929596653544,0.6211561313153373,0.6920720731072096,0.6884843096306406,0.2055439330543933,0.00993723849372385,0.8043933054393305,0.9097394143798128,0.3450162849044848,0.6858253109999293,0.6920612111557833,0.08762886597938144,0.003092783505154639,0.9154639175257732,0.9605690411942295,0.20773160784216144,0.6200285383001605,0.6385474207572334,0.040339702760084924,0.0021231422505307855,0.9617834394904459,0.9741243277172945,0.3783739796434992,0.6361519017305368,0.6603720315105513,0.09337506520605113,0.0026082420448617634,0.9092331768388107,0.9532589996204998,0.5734146301848358,0.6689038016846175,0.6866171896667855,0.1738241308793456,0.003067484662576687,0.8292433537832311,0.9162790560987298,0.6803879666697631,0.7034634620827784,0.701038973467429,0.25958099131323453,0.009197751660705161,0.7496167603474706,0.8889400810698183,0.6509397889401635,0.6592620852262965,0.656573480973898,0.20634920634920634,0.009216589861751152,0.8028673835125448,0.8887360407811303
cbm_nonleaky,fold_1,0.5489855345645449,0.7397545692140234,0.6650780601422087,0.2272166220942193,0.0061715696358773916,0.7789549475416581,0.9082463837882312,0.6107158612894475,0.7339332650622973,0.6209579367992882,0.27474747474747474,0.00404040404040404,0.7292929292929293,0.8971021916686958,0.5598034024988611,0.7265119627300388,0.6848502294652717,0.2330198537095089,0.00522466039707419,0.7722048066875653,0.9078683846350359,0.5823913718491772,0.7354834847219552,0.651913003406511,0.2521694742215416,0.0015313935681470138,0.7493619193466055,0.8932939124432228,0.6017819299130811,0.7288502921525514,0.6699517427222919,0.2502612330198537,0.0073145245559038665,0.7570532915360502,0.8933573876319413,0.3720446676183006,0.7282156033787818,0.6438128958558424,0.12583120204603582,0.01278772378516624,0.8869565217391304,0.9453209585745047,0.16965887252919717,0.716408792495749,0.665925072422909,0.05114544485881726,0.0010655301012253596,0.9499200852424081,0.9675021792512788,0.39576951677610217,0.6996870109546166,0.6576996891905863,0.13018672199170125,0.0025933609958506223,0.8724066390041494,0.9308151216293616,0.6001661088701467,0.7111302666214087,0.6656451574025648,0.2521518987341772,0.002531645569620253,0.7503797468354431,0.8940703616783395,0.7619411936737521,0.6796928773772059,0.6053344239567994,0.4066937119675456,0.019269776876267748,0.6125760649087221,0.843621835631256,0.6387753432245541,0.6946931119517422,0.6414303820843407,0.28527918781725886,0.005076142131979695,0.7197969543147208,0.873407569889811
cbm_nonleaky,fold_2,0.5482985132311807,0.7216560431845268,0.696014945809718,0.19050561219235917,0.004119040263618577,0.8136134280712594,0.9177473792750139,0.5967113055361675,0.6432330084336867,0.6406914962964979,0.20151898734177215,0.0020253164556962027,0.800506329113924,0.9080916646812228,0.6068589992043865,0.7228557541044692,0.6953017255439077,0.22198952879581152,0.007853403141361256,0.7858638743455497,0.9046154541141848,0.5822220842142537,0.642608190441866,0.6289244663382594,0.20812182741116753,0.0005076142131979696,0.7923857868020304,0.9109467341213504,0.5634247021815981,0.7323671680564049,0.7068671865882203,0.22251308900523561,0.0031413612565445027,0.7806282722513089,0.9073479962133787,0.37144036113187384,0.7458147564593455,0.7136644608342722,0.09917780061664953,0.007194244604316547,0.908016443987667,0.954359497654309,0.21531662450344005,0.695031419265363,0.6930161409902548,0.044657097288676235,0.002126528442317916,0.9574694311536417,0.9559021841846914,0.39134468734958444,0.7067671494615192,0.6667681426814268,0.12212943632567849,0.003131524008350731,0.8810020876826722,0.9409421645000728,0.5354127322782484,0.7526602036041838,0.7179437276067603,0.21338063862138876,0.0005068423720223011,0.7871262037506336,0.913379696154745,0.6742186516114254,0.7111587519913258,0.6958133188388081,0.30207805372529145,0.006082108464267613,0.7040040547389762,0.8778270681599721,0.775071348130451,0.6031212213511893,0.5881771140645303,0.2616869918699187,0.008638211382113821,0.7469512195121951,0.8603043752601103
cbm_nonleaky,fold_3,0.5360667042522551,0.7394659894013337,0.690900626384753,0.21519638083487558,0.004935225169648365,0.7897388443347728,0.9203585146098732,0.5395902670267962,0.7041896995231555,0.6680717348486468,0.23451776649746192,0.0020304568527918783,0.76751269035533,0.917600119583847,0.568911516360735,0.7449008248331008,0.6974711487236545,0.24037460978147762,0.006763787721123829,0.7663891779396462,0.9088796153777198,0.5759249804511037,0.71437868938072,0.668870490818983,0.22798982188295167,0.002544529262086514,0.7745547073791349,0.9196287871998213,0.5805578258211145,0.7071249317685848,0.6851710794442245,0.2234927234927235,0.005197505197505198,0.7817047817047817,0.9097631400570712,0.39781948525603755,0.7889515806322529,0.6848331487747888,0.14961439588688946,0.008226221079691516,0.8586118251928021,0.9479844159133336,0.25287841217212736,0.6278119349598524,0.5900261144037968,0.07211028632025451,0.0015906680805938495,0.9294803817603393,0.9584211423709994,0.36808814470175666,0.7344829880377364,0.6864726447312831,0.11828512396694214,0.0015495867768595042,0.8832644628099173,0.940638988366933,0.5754872636187075,0.7375538599361326,0.6855551364172906,0.25571936959837316,0.002541942043721403,0.7468225724453482,0.9140658129817899,0.6478778375597674,0.7071762129622113,0.6745463391920357,0.33925850685627224,0.006602336211274758,0.6673438293550026,0.8865032678937818,0.7004802359811916,0.6605394209845953,0.6215624456209116,0.28302845528455284,0.012195121951219513,0.7291666666666666,0.8702624885526116
cbm_nonleaky,fold_4,0.534356791694802,0.7429291729809865,0.7134472429323977,0.18004272200183094,0.0045773573390296,0.8245346353371986,0.9215540916981538,0.5533979105543715,0.7074344729600718,0.6674902253564453,0.19141414141414143,0.005050505050505051,0.8136363636363636,0.9114797922154433,0.6016118093357901,0.7464733639235078,0.7149958439805029,0.22079918032786885,0.0056352459016393444,0.7848360655737705,0.9104273321266122,0.554883227030557,0.7110964026884249,0.6916216403102751,0.18686868686868688,0.0025252525252525255,0.8156565656565656,0.9118154525598156,0.5464350144159243,0.7578235037571407,0.7127848234850097,0.22336065573770492,0.006147540983606557,0.7827868852459017,0.9036749909982543,0.394709857194641,0.7155422925138476,0.7253801198208069,0.07829181494661921,0.0035587188612099642,0.9252669039145908,0.9606014941155191,0.22614391277366755,0.5926677827167224,0.6073934261686379,0.04806201550387597,0.0010335917312661498,0.9529715762273901,0.9658757406987815,0.410183594185498,0.7470959768407429,0.7118413422624478,0.12212570260602963,0.0025549310168625446,0.8804292284108329,0.9337360973440774,0.6016981256947865,0.734765188880357,0.7142785767073329,0.21262626262626264,0.0015151515151515152,0.7888888888888889,0.9034363932056659,0.6439779698435456,0.7286631883455547,0.7050121572543363,0.2878787878787879,0.005555555555555556,0.7176767676767677,0.8837907185900598,0.6623317563257786,0.6920388984900413,0.667715487053082,0.22587165234967155,0.01212733703890854,0.786255684689237,0.886298211139238
convnext_blackbox,fold_0,0.49157511086257344,0.7372622208844236,0.7046188818482403,0.18226957691114098,0.0033102306817006312,0.8210406537705597,0.9309634530333417,0.5314445506393966,0.6596182561322957,0.6332580755520896,0.2112531969309463,0.0010230179028132991,0.789769820971867,0.9263854164931065,0.5312408024246915,0.7460420477842536,0.7241041960093222,0.1952755905511811,0.003674540682414698,0.8083989501312336,0.9251731666272253,0.4627473086494456,0.710969025291276,0.688866976385189,0.18056265984654732,0.0005115089514066496,0.8199488491048593,0.9352870596839898,0.5805367748338814,0.7297009529062107,0.70242703668697,0.22751046025104602,0.0036610878661087866,0.7761506276150628,0.9111076052923766,0.32601736676338694,0.7405607637788353,0.6873151286641023,0.09742268041237113,0.007731958762886598,0.9103092783505154,0.957353809251052,0.19061297210154013,0.6205404947943653,0.5839865981819665,0.058386411889596604,0.0021231422505307855,0.9437367303609342,0.9693564169991028,0.3480695564610345,0.7495447513251667,0.6954600896892705,0.11841418883672405,0.001564945226917058,0.883150756390193,0.9542903750189126,0.5150595534700129,0.7284618739766323,0.6890160646269567,0.22137014314928424,0.002556237218813906,0.7811860940695297,0.9214818585123773,0.6499359099307133,0.7314574793499453,0.7138100386480097,0.27133367399080227,0.005620848237097598,0.7342871742462953,0.8928270938203355,0.6201634185824493,0.6797973007754106,0.6624075169334503,0.23604710701484896,0.004608294930875576,0.7685611879160267,0.8962335703602567
convnext_blackbox,fold_1,0.5214163019932336,0.7469186756655463,0.6675521787324796,0.22989096893643282,0.008743056984159638,0.7788520880477268,0.9117382830040488,0.48450346481408485,0.7400196279228538,0.6974439100342447,0.18636363636363637,0.00202020202020202,0.8156565656565656,0.9256154376546583,0.6513692319762129,0.6987292320286954,0.6146626955513904,0.3542319749216301,0.009404388714733543,0.6551724137931034,0.880309651379518,0.47889733010965896,0.7429447374047063,0.7155094749716454,0.183256763654926,0.0035732516590096988,0.8203164880040837,0.9152902908695036,0.5966855797745012,0.7196158099303197,0.6394712513850672,0.28056426332288403,0.01567398119122257,0.7351097178683386,0.8949619059780117,0.3645718319416357,0.7743738669415441,0.6539115549545591,0.1493606138107417,0.01329923273657289,0.8639386189258312,0.9469180144568599,0.1679337562812948,0.7396667342319515,0.6229392391799878,0.06020245071923282,0.0031965903036760787,0.9429941395844432,0.9716323803343205,0.4054364218360581,0.6984069535894418,0.611408373058339,0.15612033195020747,0.0031120331950207467,0.8469917012448133,0.9252836475212604,0.6007286289573852,0.7233280363170751,0.6482127111696957,0.28455696202531644,0.004556962025316456,0.72,0.8918483604333307,0.66498684607872,0.6994360117978554,0.6398502328610985,0.3661257606490872,0.017748478701825558,0.6516227180527383,0.8661098003198543,0.618407135648826,0.7193691682098051,0.6588691685193218,0.27258883248730964,0.014720812182741117,0.7421319796954314,0.8814344314336603
convnext_blackbox,fold_2,0.5142283874294861,0.7423838925490686,0.6971348841655353,0.19905262073936772,0.007105344454742045,0.8080527237153743,0.9186438424606233,0.5523982284019201,0.7314967029875299,0.6813166443017882,0.21417721518987343,0.004556962025316456,0.790379746835443,0.9024441432202858,0.5560957823086496,0.7337174533835854,0.71343998847513,0.21204188481675393,0.006806282722513089,0.7947643979057591,0.9155014196900816,0.5609448988394439,0.7245320800974486,0.6516372075297099,0.2233502538071066,0.007106598984771574,0.783756345177665,0.9018589166585355,0.5506094561993907,0.7301197008208273,0.6885085637810459,0.24031413612565444,0.008900523560209424,0.768586387434555,0.904231459406042,0.32969623369788187,0.774680496147084,0.7213676378157458,0.10585817060637205,0.008221993833504625,0.9023638232271326,0.9596667679210894,0.20673824692298232,0.657199551863246,0.6349248316380395,0.05369484316852738,0.001594896331738437,0.947900053163211,0.9585434009273611,0.35967453789449016,0.719139594655496,0.6712706833396488,0.12004175365344467,0.0036534446764091857,0.8836116910229646,0.947452216575494,0.5149438298502204,0.7602920779027248,0.7219394672440137,0.21388748099341104,0.0015205271160669033,0.7876330461226558,0.917435195951307,0.6375289989243327,0.7209222324037788,0.690990930920277,0.309680689305626,0.00912316269640142,0.6994424733907755,0.8759169026353294,0.7100806538855875,0.6571770918104276,0.6129173901370407,0.2891260162601626,0.019308943089430895,0.7301829268292683,0.8583327601820882
convnext_blackbox,fold_3,0.5087980233639183,0.7219332530500943,0.6901748831476762,0.18270614846802385,0.011207073822743163,0.8285009253547193,0.9221751540534404,0.5558270109029306,0.6770647005732385,0.680545361445282,0.18680203045685279,0.005076142131979695,0.8182741116751269,0.9101992476661894,0.5407085676870983,0.734490448955785,0.6840562019875018,0.22372528616024975,0.01768990634755463,0.7939646201873048,0.9142490949643561,0.5163902571321802,0.6890415715035004,0.6873657073215723,0.17353689567430025,0.0071246819338422395,0.833587786259542,0.9230620799025785,0.569325058295667,0.7007746278002344,0.6771432449175284,0.2130977130977131,0.014033264033264034,0.8009355509355509,0.9060419692067928,0.339619740011701,0.7155208750166734,0.649163008486977,0.11722365038560412,0.012339331619537276,0.8951156812339331,0.9505961209516092,0.2680574793636893,0.5667211822789353,0.5646640137502531,0.06097560975609756,0.006362672322375398,0.9453870625662778,0.9582409646318856,0.3697416401101575,0.7038515502449078,0.6198805733618922,0.12758264462809918,0.007231404958677686,0.8796487603305785,0.9399021529317378,0.5244347536536409,0.7490402225905634,0.6903050936292101,0.20640569395017794,0.0066090493136756485,0.8002033553634977,0.9141808351720835,0.5884303935750808,0.733006872387322,0.7135604313018574,0.2706957846622651,0.011681056373793804,0.7409852717115287,0.8928857547412616,0.6815498375507651,0.6411127506733245,0.6291701391133162,0.241869918699187,0.023882113821138213,0.7820121951219512,0.8735814936762639
convnext_blackbox,fold_4,0.519682999034537,0.7501653278855351,0.695407400820892,0.21798392838978742,0.005289390702878649,0.7873054623130913,0.9168536577510311,0.5363331281426821,0.7253878067153187,0.6541265440138434,0.21313131313131314,0.007070707070707071,0.793939393939394,0.9062848860317962,0.5423430232773694,0.7652395206657082,0.715880970459558,0.24077868852459017,0.006147540983606557,0.7653688524590164,0.9142254301100241,0.5406777948332424,0.7151500126605669,0.6730109528642977,0.2196969696969697,0.005050505050505051,0.7853535353535354,0.9103320411395267,0.5970764565658337,0.7288054604254994,0.6675700811134154,0.2925204918032787,0.005122950819672131,0.7126024590163934,0.8915394496643407,0.3573855697449064,0.7639196184248135,0.7090583565158761,0.12455516014234876,0.003050330452465684,0.8784951703101169,0.9537700421368417,0.22651737992509935,0.6699624880701553,0.6386652517845431,0.06614987080103359,0.0005167958656330749,0.9343669250645995,0.9663680948075969,0.40429561647013657,0.7093281587344946,0.6801789786819373,0.1369443025038324,0.0015329586101175269,0.8645886561062851,0.9325096162406371,0.581096853451568,0.7281279355088075,0.6844567839825771,0.26212121212121214,0.0015151515151515152,0.7393939393939394,0.8961108117655385,0.600922521508926,0.7384821009055634,0.7013506038524957,0.30505050505050507,0.00808080808080808,0.703030303030303,0.887522784737692,0.6701754136397928,0.6831212495983555,0.6215696246470787,0.31531076301162203,0.014653865588681153,0.6993431025770591,0.8737616663419301
deit_small,fold_0,0.5121283699125198,0.734850126817519,0.679523029969245,0.2077169752767146,0.0066204613634012624,0.7989034860866867,0.9211269255571354,0.5416847941677515,0.6856277470668025,0.6507459554206251,0.21585677749360613,0.0010230179028132991,0.7851662404092071,0.9113167820428432,0.5231439274934874,0.7583769314840838,0.694072240749648,0.23622047244094488,0.009448818897637795,0.7732283464566929,0.9181444535761539,0.4882412906862304,0.7189634258936756,0.6724246177197283,0.20255754475703325,0.001534526854219949,0.7989769820971867,0.9212743646698862,0.6059218710582857,0.7091644452615129,0.6829815564754931,0.23221757322175732,0.007322175732217573,0.7751046025104602,0.9073229542818627,0.380011208408349,0.7570891444870441,0.6428038104437601,0.15257731958762888,0.013917525773195877,0.8613402061855671,0.9418496888617286,0.17639591985199551,0.6476567735428023,0.646148929767303,0.04723991507430998,0.0010615711252653928,0.9538216560509554,0.9743083188147491,0.36796984585013,0.7118664772967443,0.6653405366687615,0.11997913406364111,0.003129890453834116,0.883150756390193,0.9507798765969603,0.5215770311924108,0.7476800790173298,0.6810761765561155,0.23415132924335377,0.007668711656441718,0.773517382413088,0.9110132218155561,0.6792802751516948,0.7078769615775923,0.6725636701563547,0.32038834951456313,0.010219724067450179,0.6898313745528871,0.8712690387569269,0.6696879038306757,0.6701423974356566,0.612830755465754,0.3092677931387609,0.010752688172043012,0.7014848950332822,0.8744966654872086
deit_small,fold_1,0.5073782923277276,0.7283995291237555,0.6648930677384012,0.21003908660769388,0.008537337996297058,0.7984982513886032,0.914604975852748,0.48695836633861417,0.7234383000512032,0.6562395779674924,0.19343434343434343,0.005555555555555556,0.8121212121212121,0.9197970769994605,0.5682892433786871,0.720437513506181,0.6668672798472862,0.2549634273772205,0.014629049111807733,0.7596656217345873,0.9024307398379121,0.5153274049637263,0.7142413177194401,0.6537474630320689,0.21235324144971923,0.0030627871362940277,0.7907095456865748,0.9036016614917529,0.5915488474574645,0.7029517331702406,0.637229134682994,0.26227795193312436,0.013061650992685475,0.7507836990595611,0.8931406426640313,0.35014993637008274,0.7446827496392835,0.6775720841348076,0.12941176470588237,0.006649616368286445,0.8772378516624041,0.9480049169165801,0.1648552408642978,0.7367093454049977,0.6360644782849876,0.05487480021310602,0.002131060202450719,0.9472562599893447,0.971372027698015,0.38950076460849903,0.6637213719191655,0.6232656679203866,0.12603734439834025,0.0036307053941908715,0.8775933609958506,0.9265124223593112,0.5428671256633593,0.7067806213695845,0.666372450529645,0.22582278481012658,0.005569620253164557,0.779746835443038,0.9052210931707041,0.6539831797359773,0.6947821825475963,0.6464561064426433,0.34533468559837727,0.014198782961460446,0.6688640973630832,0.8616953840884731,0.6373093254127346,0.6923959071303019,0.6187565798093461,0.28883248730964467,0.016751269035532996,0.7279187817258883,0.8713982344595391
deit_small,fold_2,0.5262968215236364,0.6987484151308161,0.6763469357042634,0.20039130882504377,0.00535475234270415,0.8049634435176604,0.9159939046426858,0.5591956254793108,0.648390062296224,0.6364190278513792,0.20506329113924052,0.004050632911392405,0.7989873417721519,0.9031435616532114,0.5678897551610471,0.7041917151904405,0.6867631749875533,0.23350785340314137,0.004188481675392671,0.7706806282722513,0.9097328012491864,0.5541523081416799,0.6506532180136008,0.6217218865526705,0.2101522842639594,0.004568527918781726,0.7944162436548223,0.8991976214526433,0.5721887128366447,0.7032387194494177,0.6875209967633645,0.23455497382198953,0.005759162303664921,0.7712041884816754,0.9050345706819608,0.35632277372122756,0.7120671835337714,0.671276157802029,0.1197327852004111,0.008221993833504625,0.8884892086330936,0.9501424458221418,0.20039810633842914,0.6157941100735903,0.6142079904367632,0.052099946836788945,0.001063264221158958,0.94896331738437,0.9623262949276933,0.3787554552726346,0.6605263440779395,0.6485079967448185,0.12004175365344467,0.0015657620041753654,0.8815240083507306,0.9377431300798936,0.5579700098915925,0.7081128003443076,0.6812387835476997,0.23314749113025848,0.00456158134820071,0.7714140902179423,0.9033773144131949,0.6544550261371291,0.6945413998375564,0.6772000099154707,0.32133806386213887,0.00963000506842372,0.6882919412062849,0.8724619106664647,0.6928284739496883,0.5929660220240374,0.582564277916424,0.266260162601626,0.009654471544715448,0.7433943089430894,0.8659932382657002
deit_small,fold_3,0.5222842119116384,0.739022520104767,0.6771832044717145,0.22095414353279869,0.009973267530331072,0.7890191239975324,0.9139355110546706,0.5794738533608388,0.6951370891460088,0.6479223430854759,0.2614213197969543,0.003045685279187817,0.7416243654822335,0.8988604784450365,0.5579875145722205,0.7228408521912354,0.6781071576898937,0.23100936524453694,0.013007284079084287,0.7819979188345474,0.9065042174893622,0.5430734175442042,0.687815855492711,0.6343133068465453,0.2534351145038168,0.004580152671755725,0.751145038167939,0.9159642806405498,0.5763175936592342,0.7376735710608645,0.6704830103385494,0.2442827442827443,0.02338877338877339,0.7791060291060291,0.8976017189475654,0.3308087746342664,0.7644097639055621,0.7035830351339576,0.1141388174807198,0.006169665809768638,0.8920308483290489,0.9552171383029281,0.23987334347726233,0.6772785862581299,0.6162255665723426,0.07317073170731707,0.0021208907741251328,0.9289501590668081,0.951987490628403,0.38979277658998945,0.7313796152145918,0.6432570552973664,0.1503099173553719,0.004132231404958678,0.8538223140495868,0.9331342140823363,0.5410778554233989,0.7593569105482724,0.6750801470082884,0.253685815963396,0.00813421453990849,0.7544483985765125,0.905365604131403,0.6133138244626085,0.7255689196539952,0.6871351224105462,0.3179278821736922,0.013712544438801422,0.6957846622651092,0.8819999047953351,0.7028242909849429,0.6429525224554372,0.6005022388562643,0.3023373983739837,0.021341463414634148,0.7190040650406504,0.8557778959239748
deit_small,fold_4,0.5340061200415044,0.7349870795466651,0.6849361186218165,0.216254704506154,0.007018614586512054,0.7907639100803581,0.9116256825667417,0.6330344195486433,0.6746999617239319,0.5754170759172454,0.2868686868686869,0.013131313131313131,0.7262626262626263,0.8776721992780588,0.5747336079695614,0.7384291373101656,0.7124325747921999,0.22489754098360656,0.007684426229508197,0.7827868852459017,0.9094664893984445,0.552080696722973,0.7425488768956819,0.6851119202867869,0.22323232323232323,0.005555555555555556,0.7823232323232323,0.9084559822401763,0.5601578025045513,0.7264508425861712,0.6979717705006386,0.23104508196721313,0.004098360655737705,0.7730532786885246,0.9031481509045317,0.3276328805155627,0.7477738131459816,0.6914417562999807,0.11489578037620743,0.004575495678698526,0.8896797153024911,0.9520827225226937,0.2387190730836551,0.5855517388959477,0.5414291607679728,0.06356589147286822,0.0010335917312661498,0.937467700258398,0.9599313414716591,0.4197415571800363,0.6888683625294546,0.6634387653352977,0.14205416453755748,0.0025549310168625446,0.8605007664793051,0.9255006004196217,0.6058431267548733,0.7037401015333958,0.6708491480665536,0.26161616161616164,0.0035353535353535356,0.7419191919191919,0.8893046518996456,0.6199748181965168,0.7176639478819128,0.6755336471351684,0.33181818181818185,0.011111111111111112,0.6792929292929293,0.8734326407435439,0.6689607342525375,0.6895377289967956,0.6402139439910003,0.27791814047498736,0.01667508842849924,0.7387569479535119,0.8717587774885106
densenet121,fold_0,0.5086822752172819,0.7532785123802036,0.6808321472137062,0.2153718837281473,0.00724112961622013,0.7918692458880728,0.9202900035129717,0.500194376483376,0.7153878216019249,0.6782467838967414,0.20051150895140665,0.001534526854219949,0.8010230179028133,0.9202854769856739,0.5924545978981051,0.7388609701944783,0.6545825435003726,0.28608923884514437,0.009448818897637795,0.7233595800524935,0.9000018230234933,0.44246129142621143,0.7641070763161183,0.7086909243741818,0.18363171355498722,0.0020460358056265983,0.8184143222506394,0.9323780521038677,0.6302028770507945,0.7309428332873732,0.6527903349459381,0.2955020920502092,0.01778242677824268,0.7222803347280334,0.8899737782942521,0.34422730446406336,0.734550241941732,0.6803728285825744,0.11391752577319587,0.005670103092783505,0.8917525773195877,0.9571302733205688,0.18568445718413207,0.7386839911477727,0.6264077512573493,0.06740976645435244,0.0005307855626326964,0.9331210191082803,0.9724158725975762,0.3673413538667422,0.7297923694066126,0.6576993696507055,0.1366718831507564,0.001564945226917058,0.8648930620761607,0.9482507240198382,0.526092356364943,0.7733517074504133,0.6963524661157391,0.23721881390593047,0.004601226993865031,0.7673824130879345,0.9122553553059213,0.6768653788644816,0.7171020239855288,0.6737176488710802,0.3270311701584057,0.010219724067450179,0.6831885539090444,0.8746872896561583,0.6458339273299176,0.691396365093377,0.6189530556730376,0.30158730158730157,0.01894521249359959,0.717357910906298,0.8751935319123317
densenet121,fold_1,0.5240196970129061,0.7142637789114424,0.6691532045056059,0.19491874099979428,0.009668792429541247,0.814750051429747,0.9133084095465702,0.5146058674398585,0.7349641577060932,0.6729878291638052,0.18686868686868688,0.00404040404040404,0.8171717171717172,0.9151461007856586,0.5922231261642417,0.6947210549727195,0.6443931014440527,0.2612330198537095,0.018286311389759665,0.7570532915360502,0.8949479424393888,0.5226523390229665,0.6804653763043174,0.6560217857934924,0.18683001531393567,0.00408371618172537,0.8172537008677897,0.9045675002719172,0.6015899456231223,0.7032782356447497,0.6582033218190014,0.23563218390804597,0.017763845350052248,0.7821316614420063,0.8973276332534571,0.3639549045824478,0.7264385712620935,0.6952324311057373,0.10639386189258312,0.004603580562659846,0.8982097186700767,0.9506867105732567,0.1693651945530185,0.567188045448915,0.5939567785680756,0.04208843899840171,0.0015982951518380393,0.9595098561534363,0.972831912475724,0.3887648152851912,0.6703031051807923,0.6530898467776761,0.1078838174273859,0.005705394190871369,0.8978215767634855,0.9295710926074406,0.5597200875164123,0.7067515978173283,0.678596234414577,0.21417721518987343,0.004556962025316456,0.790379746835443,0.8965518633460744,0.6890793291472475,0.6884554569155005,0.6491388827148662,0.3392494929006085,0.017748478701825558,0.678498985801217,0.8601432503347272,0.654279995252575,0.6742306796320454,0.6206030800093935,0.26192893401015227,0.018274111675126905,0.7563451776649747,0.875715742426971
densenet121,fold_2,0.548272723060094,0.7073514769979953,0.67658667010441,0.20543713314797651,0.006075584388837401,0.8006384512408609,0.9180291487267077,0.5548064650879239,0.6406343718805818,0.6352938303557717,0.21417721518987343,0.0030379746835443038,0.7888607594936708,0.9076040422685225,0.6149214707642628,0.7064789346767885,0.6889780525698218,0.22460732984293194,0.005759162303664921,0.7811518324607329,0.9103117245437763,0.585525598533863,0.6662923108535167,0.6426297103808086,0.20862944162436547,0.005076142131979695,0.7964467005076142,0.9021755606126272,0.5916224446059839,0.7109152708208746,0.6726537193016308,0.2534031413612565,0.008900523560209424,0.7554973821989529,0.9049318130371278,0.3697988177294104,0.7446798115041758,0.6790036691697446,0.12744090441932168,0.007708119218910586,0.8802672147995889,0.9509665893464186,0.20479675986858323,0.7115896657496127,0.6798296749679386,0.05475810738968634,0.001594896331738437,0.9468367889420521,0.9612586592852055,0.3903713791165865,0.6789445066651695,0.6346545941524261,0.1325678496868476,0.0036534446764091857,0.8710855949895616,0.9415414149222006,0.5830845055573256,0.7120997449997759,0.6809229088110006,0.23314749113025848,0.0030410542321338066,0.7698935631018753,0.9057924742739868,0.6688104793408549,0.6987268267386266,0.6795024000823803,0.32083122149011656,0.012164216928535226,0.6913329954384186,0.8783540677540813,0.7424519721245626,0.6092700234281057,0.5887267146144951,0.2769308943089431,0.009654471544715448,0.7327235772357723,0.862737776712217
densenet121,fold_3,0.5402115328956083,0.7443227965632264,0.6794321985253249,0.22712317499485915,0.008533826855850298,0.7814106518609911,0.9171886066104687,0.5446842859020475,0.7130011263352024,0.6708573499185851,0.2116751269035533,0.005076142131979695,0.7934010152284264,0.911046478159928,0.6084436394787109,0.7256911207962714,0.6639175298552377,0.27471383975026015,0.009365244536940686,0.7346514047866806,0.8993574137244896,0.5508733387273955,0.7516457580009841,0.6929608856169445,0.21628498727735368,0.008142493638676845,0.7918575063613231,0.9147239207935947,0.6203326058525639,0.7235954177277812,0.6486489958361009,0.3134095634095634,0.010914760914760915,0.6975051975051975,0.897435380704755,0.34882346356361216,0.7472068827531012,0.6784584840155711,0.12133676092544987,0.009254498714652956,0.8879177377892031,0.9539900148267385,0.2643071418617895,0.6360566306399763,0.5892121679059068,0.07317073170731707,0.002651113467656416,0.9294803817603393,0.9550335055945848,0.3980161668749486,0.7455026560631127,0.6315982277029532,0.16683884297520662,0.0046487603305785125,0.8378099173553719,0.938757561343944,0.5513406897015776,0.7688734423666759,0.6756182258880438,0.2775800711743772,0.0066090493136756485,0.7290289781392985,0.9107927191843342,0.6429786080809236,0.7198839684001429,0.6824197967573545,0.32300660233621126,0.014220416455053326,0.6912138141188421,0.8768514023001157,0.7167990781081106,0.655581968822392,0.6185549100022785,0.28760162601626016,0.014227642276422764,0.7266260162601627,0.8734211501988067
densenet121,fold_4,0.532749911571255,0.7416366431910474,0.6791278788870048,0.23670023395381956,0.007222052690468925,0.7705218187366494,0.9124946520204492,0.5499236449701337,0.6939436391190966,0.6335861829277301,0.23585858585858585,0.004545454545454545,0.7686868686868686,0.9038528665200852,0.5586580485942781,0.7563264429234233,0.7157197819970972,0.2351434426229508,0.009221311475409836,0.774077868852459,0.9125603058188404,0.5534979711764538,0.7108637301379074,0.6606737876101338,0.2474747474747475,0.0030303030303030303,0.7555555555555555,0.9110860135936458,0.5857442933549216,0.7162768916184662,0.6556338743579494,0.30225409836065575,0.00973360655737705,0.7074795081967213,0.8934143129940466,0.39584777939807153,0.7306945343055035,0.6403908201784755,0.16319267920691408,0.009659379766141332,0.8464667005592272,0.9270073806696773,0.21891332175732187,0.632147496747823,0.5891769804813283,0.07131782945736434,0.0031007751937984496,0.931782945736434,0.9584998263232879,0.43570074143904647,0.7106480957054814,0.6428480624727404,0.16249361267245785,0.004087889626980072,0.8415942769545223,0.91983697732641,0.594377661972194,0.7326710432266967,0.6667808486959577,0.30707070707070705,0.00404040404040404,0.696969696969697,0.8915820754785321,0.6179077464783735,0.7189308309811157,0.6732703461469652,0.3414141414141414,0.010101010101010102,0.6686868686868687,0.87996664909453,0.67830959575294,0.6653803445054657,0.6224854387317048,0.2966144517433047,0.014653865588681153,0.7180394138453765,0.8694378579585901
efficientnet_b4,fold_0,0.6313848626312675,0.6751191603218857,0.6339495500761841,0.23078514533981587,0.011792696803558498,0.7810075514637427,0.8929530008213767,0.6563903643928268,0.6366690425082256,0.6046651037217076,0.22455242966751918,0.011764705882352941,0.7872122762148338,0.88198845471049,0.7015193128922198,0.6853495091640233,0.6354892791421003,0.2887139107611549,0.013123359580052493,0.7244094488188977,0.8739787715245878,0.6140995273824761,0.6523506080941371,0.6067039757118754,0.23324808184143223,0.0076726342710997444,0.7744245524296676,0.8816254532795159,0.7263650500085579,0.6591100591353372,0.6282459706598521,0.2824267782426778,0.014121338912133892,0.731694560669456,0.8744008223662078,0.4264844563274719,0.6799893096423739,0.6416975711012948,0.1268041237113402,0.012371134020618556,0.8855670103092783,0.9365086388467013,0.2521057933112823,0.6156906533468742,0.5733413456188378,0.0732484076433121,0.0031847133757961785,0.9299363057324841,0.9419180041768686,0.4795065205093075,0.6717356936941506,0.6239116081117506,0.14606155451225875,0.006259780907668232,0.8601982263954095,0.9186787925731945,0.6494466882257515,0.6851737373051187,0.6512483490054607,0.25357873210633947,0.0035787321063394683,0.75,0.878675987225425,0.8222280506755363,0.642511508970188,0.6212478270902534,0.3612672457843638,0.015329586101175269,0.6540623403168114,0.8424413780715913,0.7909985129778773,0.6241557488690915,0.5803689719721538,0.31233998975934457,0.030209933435739886,0.7178699436763953,0.8370283006857276
efficientnet_b4,fold_1,0.6431859070680068,0.6716455654502033,0.6249934592316257,0.2392511828841802,0.011108825344579305,0.7718576424603991,0.8859599388992226,0.643101369370707,0.6145997610513739,0.5766762910062252,0.2494949494949495,0.0065656565656565654,0.7570707070707071,0.8740403867101675,0.6882625224443615,0.6617480271117357,0.6269384793139138,0.27011494252873564,0.014106583072100314,0.7439916405433646,0.876648778813403,0.6632798752475008,0.6184221737569899,0.5921281011645864,0.2506380806533946,0.002041858090862685,0.7514037774374681,0.8682488556837606,0.7139107356849322,0.6774695551332504,0.6295522493725644,0.2779519331243469,0.017241379310344827,0.7392894461859979,0.8726381733348642,0.48560888019838816,0.6839903120123118,0.6187045581423528,0.1493606138107417,0.015856777493606138,0.8664961636828644,0.9176870353640373,0.225267023065611,0.6088730110469242,0.5297571327871489,0.07298881193393714,0.004794885455514118,0.931806073521577,0.9453203410377616,0.5206160054707136,0.6104936118257532,0.5650924935479489,0.15975103734439833,0.005705394190871369,0.845954356846473,0.8918058547485167,0.7345500076237848,0.6425757078899017,0.6170265613797506,0.25518987341772154,0.007088607594936709,0.7518987341772152,0.869626187601377,0.7938853270096476,0.6468591831983405,0.6070898276312487,0.38995943204868155,0.016734279918864097,0.6267748478701826,0.8277428670967186,0.7713587308799926,0.6241445495322148,0.5885558791943791,0.3086294416243655,0.02081218274111675,0.7121827411167513,0.8333906196548618
efficientnet_b4,fold_2,0.6754249405982865,0.6608998665096402,0.5876871068480929,0.3165482442590876,0.023375553496035425,0.7068273092369478,0.8663158101031821,0.7214463644779512,0.6283601522185212,0.5303763949036026,0.3762025316455696,0.02379746835443038,0.6475949367088608,0.8397002797452578,0.6809496120721361,0.6586287908601958,0.6174886602243419,0.31884816753926704,0.016230366492146597,0.6973821989528796,0.8677823974735928,0.7285750882901224,0.6173698113635264,0.519884421911739,0.35583756345177664,0.023857868020304568,0.6680203045685279,0.8312240496716017,0.6983274126381421,0.6789839318374374,0.6299804438365662,0.3089005235602094,0.025130890052356022,0.7162303664921466,0.8695827251250087,0.5355084684244358,0.6734785189841369,0.5767006937001095,0.22147995889003083,0.02774922918807811,0.8062692702980473,0.9059930736802707,0.2714428234693503,0.648683146534394,0.619648676324411,0.07283359914938863,0.003189792663476874,0.9303561935140883,0.9305416552115341,0.5468760413416089,0.6419824409502336,0.556168861624902,0.22286012526096033,0.012526096033402923,0.7896659707724426,0.8809690969774788,0.7179544395455094,0.6496376120641054,0.5903791442359044,0.35428281804358847,0.00963000506842372,0.6553471870248353,0.8521666667428677,0.8255482421001974,0.590227131172062,0.5405270876178516,0.49923973644196656,0.03497212366953877,0.5357323872275722,0.7984336275276988,0.8452341577460964,0.5949766709162819,0.5184683035654564,0.41971544715447157,0.05538617886178862,0.635670731707317,0.7982487636973571
efficientnet_b4,fold_3,0.6491869533634934,0.6691025197226425,0.6046682601366534,0.28922475837960104,0.020049352251696483,0.7308245938720954,0.8773256550377987,0.6887143221845851,0.6117110129774354,0.5875066190524496,0.2796954314720812,0.008629441624365483,0.7289340101522843,0.8595656830614241,0.7094489113291362,0.6638289738539248,0.5940932784169787,0.34183142559833507,0.029136316337148804,0.6873048907388137,0.8644208514466656,0.6882461762852112,0.6205864328537837,0.5616180371352786,0.32061068702290074,0.00916030534351145,0.6885496183206107,0.867208240510017,0.6940239032777862,0.6717581602120979,0.5943997747529913,0.3503118503118503,0.036382536382536385,0.6860706860706861,0.8596469208350715,0.43940718078828045,0.6589929305055356,0.6148808532690727,0.15475578406169666,0.017480719794344474,0.8627249357326479,0.9243697384221307,0.32424887167720867,0.5379047497225021,0.4961006877980106,0.09384941675503712,0.010604453870625663,0.9167550371155886,0.9129451289186056,0.4873130425743984,0.6331970927456138,0.5570466190491864,0.18801652892561985,0.008264462809917356,0.8202479338842975,0.8982252070836368,0.6579750044017659,0.6849269867423952,0.6084266749349885,0.32130147432638534,0.010167768174885612,0.6888662938485003,0.8698596418340463,0.7689277889427935,0.6318750884434604,0.5901102179773524,0.4342305738953784,0.023869984763839513,0.5896394108684612,0.8281912702356826,0.8583763245404096,0.5790062439125051,0.5266419834357315,0.3988821138211382,0.046747967479674794,0.6478658536585366,0.8026331555623276
efficientnet_b4,fold_4,0.6509318678355095,0.6584555859167259,0.631603401075569,0.24544807242396502,0.010273624249821992,0.764825551825857,0.8886575817537667,0.668384561580142,0.5894462922695972,0.5462635298428751,0.2787878787878788,0.011111111111111112,0.7323232323232324,0.8579908353477294,0.7088483659192975,0.6758165221076027,0.6582763950626171,0.2766393442622951,0.011270491803278689,0.7346311475409836,0.8824834600153207,0.6620701775279308,0.6062467309596998,0.5715069766686329,0.26616161616161615,0.009595959595959595,0.7434343434343434,0.8785189425607666,0.782309037864814,0.6465952178378984,0.6324784446767642,0.2838114754098361,0.00819672131147541,0.7243852459016393,0.8682842179225748,0.38950722738461785,0.6663247197738768,0.6413613279276215,0.12201321809862735,0.011184544992374174,0.8891713268937468,0.9373351300166494,0.3315567434429054,0.4575996729340938,0.4468090606431283,0.07441860465116279,0.0036175710594315244,0.9291989664082687,0.9043603872653314,0.5374860195424551,0.5549308105617684,0.535233535975499,0.15227388860500765,0.004598875830352581,0.8523249872253449,0.892415760469461,0.704476983906813,0.6291471887347093,0.6192382235687853,0.27525252525252525,0.0030303030303030303,0.7277777777777777,0.8704777237187299,0.7187820438184133,0.6659186796682053,0.6403783883079556,0.3712121212121212,0.01616161616161616,0.6449494949494949,0.856282905760875,0.8434794011795318,0.5775464408986807,0.5470856327856307,0.34916624557857506,0.023749368367862556,0.6745831227892876,0.8244676816866052
resnet50,fold_0,0.5629855262298707,0.7185768220970884,0.6541020527243995,0.22675080169649323,0.011068583841936486,0.7843177821454432,0.9057843729541847,0.6302637281518328,0.6575376336065551,0.6002605200112706,0.2485933503836317,0.006138107416879796,0.7575447570332481,0.8918761329071486,0.5947133212748987,0.7391979981710136,0.6703572055640374,0.2509186351706037,0.01679790026246719,0.7658792650918635,0.9001957108569018,0.5269659413932856,0.70502596798038,0.6513222167815672,0.22199488491048594,0.003069053708439898,0.781074168797954,0.9067880293106928,0.6312981571295571,0.6982613674663726,0.6524020438206487,0.26673640167364016,0.014644351464435146,0.747907949790795,0.8885259770652739,0.4099480163471351,0.7301291868936945,0.6444366436892781,0.1463917525773196,0.014948453608247423,0.8685567010309279,0.9315577414031088,0.20262628255776957,0.6230221236594425,0.582702871402033,0.05785562632696391,0.0031847133757961785,0.9453290870488322,0.9652927349828486,0.3922184627438573,0.7005419023223177,0.6505678417591031,0.13197704747000522,0.0026082420448617634,0.8706311945748565,0.9377648606270431,0.5910703744024716,0.7264184004274354,0.660922195764852,0.25153374233128833,0.0066462167689161555,0.7551124744376279,0.8940082189295371,0.748033208570072,0.6914984497991467,0.639494195126184,0.3663771078180889,0.017373530914665303,0.6509964230965763,0.8511712439254886,0.7214897319025599,0.6387751545847445,0.5844687114926596,0.31797235023041476,0.025089605734767026,0.7071172555043522,0.8526214744533149
resnet50,fold_1,0.5638085570925064,0.7020883917144122,0.643653521058945,0.2323595967907838,0.010491668380991566,0.7781320715902078,0.8999197079887132,0.5629808827369744,0.7020122887864823,0.5993616149610802,0.2636363636363636,0.00909090909090909,0.7454545454545455,0.8931931936470955,0.5979895523419354,0.7002171360113824,0.6651999069606586,0.2471264367816092,0.014629049111807733,0.7675026123301986,0.8996536217894654,0.5738893553557489,0.7090080062215529,0.6144176685525227,0.2659520163348647,0.009188361408882083,0.7432363450740174,0.8865998254908106,0.6266290040816932,0.6865451897514466,0.6404165831301509,0.2560083594566353,0.013061650992685475,0.7570532915360502,0.8891803487177237,0.43980543882749845,0.7086528122676067,0.664855325434932,0.12941176470588237,0.006649616368286445,0.8772378516624041,0.938006671414709,0.1919685444949407,0.5940213168474038,0.5482709886728351,0.05700586041555674,0.004262120404901438,0.9472562599893447,0.9622126520802556,0.4399883721633617,0.6201835540245255,0.5736136117136192,0.15404564315352698,0.005705394190871369,0.8516597510373444,0.910489014290856,0.6082906169672623,0.6855637892212293,0.650627319290976,0.2491139240506329,0.004050632911392405,0.7549367088607595,0.890140142168328,0.7168812450571959,0.6753741878242977,0.6322413740184675,0.3686612576064909,0.013184584178498986,0.6445233265720081,0.8460205909906815,0.7029881111558106,0.6488303285824719,0.5820060175193303,0.32284263959390863,0.024873096446700507,0.7020304568527919,0.8417964317497453
resnet50,fold_2,0.5919140522042076,0.6804734435179514,0.6385649551978724,0.2469364638039337,0.01143033673154155,0.7644938729276078,0.8945561123767328,0.621664411674507,0.6220388374209228,0.5852194647795192,0.2683544303797468,0.010632911392405063,0.7422784810126583,0.8757061616370732,0.6417347547213206,0.6798801875484578,0.6424560056840529,0.2973821989528796,0.009424083769633508,0.7120418848167539,0.8836597240907266,0.6237854686408147,0.6362343846864663,0.5827845517849171,0.2512690355329949,0.008629441624365483,0.7573604060913706,0.8759675736286284,0.617227833523764,0.6946598287313585,0.6641756702681073,0.2732984293193717,0.012041884816753926,0.7387434554973822,0.8915870218811781,0.43579472813099784,0.6769799620184008,0.631123616624124,0.14542651593011305,0.01644398766700925,0.8710174717368961,0.9290305847788222,0.23776222327455881,0.5949638825267324,0.610707257319571,0.05741626794258373,0.001594896331738437,0.9441786283891547,0.9477300502601942,0.43845004791322806,0.6234144689588533,0.6005134367575717,0.14509394572025053,0.0041753653444676405,0.8590814196242171,0.917937171625591,0.6402275588663578,0.6863702536559239,0.6432850920200127,0.2873796249366447,0.007602635580334516,0.7202230106436898,0.8755278207243234,0.7110979787871258,0.6559024831887266,0.6257220582340256,0.3907754688291941,0.017232640648758235,0.6264571718195641,0.8492351749178694,0.7784505696734353,0.5818518337593683,0.5441030327158416,0.34247967479674796,0.025914634146341462,0.6834349593495935,0.819576844296329
resnet50,fold_3,0.5706864715748385,0.7151223464305784,0.661402122531843,0.22568373432037836,0.011309891013777504,0.7856261566933992,0.9080432164939248,0.5974805624644709,0.6752568428504656,0.6563646788457982,0.22030456852791877,0.004568527918781726,0.7842639593908629,0.9000867271198348,0.6377274043318746,0.6990242612493548,0.6414187738551282,0.27835587929240374,0.015608740894901144,0.7372528616024974,0.8918327915792886,0.5627673476766175,0.6785839850997023,0.6510431630264826,0.21272264631043258,0.005089058524173028,0.7923664122137405,0.9126418057782205,0.6249330887542351,0.7191387367689769,0.6621667965177904,0.2635135135135135,0.017151767151767153,0.7536382536382537,0.8901375714474198,0.4067507253907434,0.7179751900760304,0.6320766730533067,0.15475578406169666,0.014395886889460155,0.8596401028277635,0.9352503545999508,0.27347210532895916,0.6240744411036939,0.558658635384707,0.08483563096500531,0.0042417815482502655,0.9194061505832449,0.9497201090222186,0.41104049019686245,0.699524451600217,0.6026331968255337,0.15237603305785125,0.008264462809917356,0.8558884297520661,0.9284855238569308,0.5838696716270251,0.7497286732763841,0.6718687855526361,0.2531774275546518,0.009150991357397052,0.7559735638027453,0.9013896955825983,0.654015392900885,0.7090526107576482,0.6795262259728577,0.3158963941086846,0.0111731843575419,0.6952767902488572,0.8751155682126726,0.7985162725792356,0.6083010984700554,0.5774645319474141,0.3150406504065041,0.023373983739837397,0.7083333333333334,0.844517964391749
resnet50,fold_4,0.571471412185147,0.6925039826594231,0.6582189817377304,0.22174753331298952,0.011189095717627912,0.7894415624046384,0.9016279075871547,0.5990313867289975,0.5945476526630429,0.5603832702305034,0.24393939393939393,0.007070707070707071,0.7631313131313131,0.8817492623786708,0.6193194047439438,0.7031232405835369,0.6760616825563736,0.25614754098360654,0.0117827868852459,0.7556352459016393,0.8962352676393097,0.632723169218484,0.6334660464313946,0.6214738295867044,0.2222222222222222,0.006060606060606061,0.7838383838383839,0.8878076363133304,0.5921350626538999,0.6898327220383172,0.6659081668010276,0.24334016393442623,0.012807377049180328,0.7694672131147541,0.8973910051678997,0.39213915725235676,0.708112673740335,0.6378668217949571,0.14336553126588714,0.018301982714794104,0.874936451448907,0.9308736065961428,0.24573154291432667,0.5858472294035101,0.589541205987199,0.05891472868217054,0.005684754521963824,0.9467700258397933,0.9439745918342375,0.4486815673011284,0.6757031195103766,0.6556059240002793,0.13234542667347982,0.005109862033725089,0.8727644353602453,0.9129171217628258,0.6348084030319037,0.6867518141402634,0.6525034150604926,0.26565656565656565,0.010606060606060607,0.7449494949494949,0.877268797612727,0.6534280929407238,0.6927621247180097,0.6701049161244569,0.3212121212121212,0.012626262626262626,0.6914141414141414,0.8716660079919216,0.7493202368383339,0.6098517070684079,0.5737731174799553,0.325922182920667,0.021728145528044467,0.6958059626073775,0.8368278573575268
vit_small,fold_0,0.5027233976111649,0.7515243224297388,0.6952505225756437,0.20006206682528188,0.006413571945794973,0.8063515051205131,0.9256712685510763,0.5357980054823019,0.7085060998350724,0.6494341905309905,0.22506393861892582,0.003069053708439898,0.7780051150895141,0.9133665266872715,0.522937456092659,0.763060637438421,0.7157680344547654,0.2094488188976378,0.005774278215223097,0.7963254593175852,0.9201934642194095,0.48928610769260433,0.7768422228193144,0.6923264852396747,0.21074168797953965,0.005626598465473146,0.7948849104859335,0.9243073612071514,0.5977621400714477,0.7245926785550143,0.6896800799541195,0.2405857740585774,0.00889121338912134,0.768305439330544,0.9095209978994929,0.3433608235031895,0.7692676218075992,0.6954303788139852,0.11494845360824742,0.008762886597938144,0.8938144329896908,0.9576710111127156,0.18526240668632526,0.7149589743944031,0.6633622970374881,0.05148619957537155,0.0010615711252653928,0.9495753715498938,0.9707801792760887,0.37210218777548737,0.7567547574965973,0.6941576754964179,0.12936880542514345,0.003129890453834116,0.8737610850286907,0.9488449335062347,0.5100208969065705,0.7463457989425177,0.6953885523156789,0.22443762781186094,0.003067484662576687,0.7786298568507157,0.9224470165422615,0.6610147410182218,0.7061990313898711,0.6734891727701408,0.31936637710781807,0.009708737864077669,0.6903423607562595,0.8805203311141359,0.6483351510989229,0.7181211788578015,0.6572268816446054,0.26881720430107525,0.014848950332821301,0.746031746031746,0.8835270564148004
vit_small,fold_1,0.5146809763095316,0.6891495049519754,0.6645114019101909,0.19389014606048138,0.005657272166220942,0.8117671261057395,0.9137371423601072,0.5001888299487667,0.6909404335210786,0.6608689265609725,0.17626262626262626,0.004545454545454545,0.8282828282828283,0.9119742165803548,0.5857509598950589,0.695496049491379,0.6576250838517296,0.26436781609195403,0.0041797283176593526,0.7398119122257053,0.9004023187116322,0.5262088706718167,0.6620869712833714,0.6404634928928474,0.17815211842776926,0.005104645227156712,0.8269525267993875,0.9030629610426959,0.6096531575514064,0.6695103365785576,0.6389366437213327,0.2607105538140021,0.008881922675026124,0.7481713688610241,0.8923815586930114,0.3225693658899111,0.7346236533949405,0.7053044070876874,0.09309462915601023,0.005626598465473146,0.9125319693094629,0.958779244282292,0.16988818834798278,0.5274399513529949,0.5431943772066139,0.04421949920085243,0.0015982951518380393,0.9573787959509856,0.9695486886609722,0.40116535787304525,0.635480287988682,0.6252757606948912,0.11773858921161826,0.0031120331950207467,0.8853734439834025,0.9214502779827128,0.5598183189606909,0.669217015798357,0.66094389913716,0.21468354430379746,0.002531645569620253,0.7878481012658228,0.8975067190243222,0.6610660093175015,0.6714468986710173,0.6461572592022183,0.3275862068965517,0.012677484787018255,0.6850912778904665,0.8638114176461341,0.6335491343261856,0.6657771553771388,0.6424971417953386,0.2563451776649746,0.008121827411167513,0.7517766497461928,0.8743256473657358
vit_small,fold_2,0.5439728791558924,0.6912726177604481,0.6699889380489782,0.20543713314797651,0.005560704355885079,0.8001235712079086,0.9132627708406164,0.5794195968161421,0.6554427153491854,0.6475504912286522,0.19544303797468354,0.004050632911392405,0.8086075949367089,0.9011929886603357,0.6194852273197421,0.6844323178766665,0.6531822931301868,0.2774869109947644,0.005235602094240838,0.7277486910994765,0.8924811466008716,0.5527948360427324,0.6638027499560895,0.6496397874978959,0.18984771573604062,0.0040609137055837565,0.8142131979695432,0.9047129967759643,0.5842212178166291,0.687794219780865,0.65538953711614,0.27486910994764396,0.008376963350785341,0.7335078534031414,0.899487260188743,0.35717215650152506,0.7212499373942306,0.7231560552012395,0.09249743062692703,0.006166495375128468,0.9136690647482014,0.9585347938036285,0.22144207995858983,0.6255925840595227,0.6271606536810924,0.05688463583200425,0.001063264221158958,0.9441786283891547,0.9559603214440319,0.39777416594255216,0.6427062627740033,0.6243979709733989,0.12943632567849686,0.0020876826722338203,0.872651356993737,0.9354225810042068,0.5681766464246158,0.6978496405299253,0.6926669192590323,0.21946274708565636,0.002534211860111505,0.7830714647744551,0.9045304466982573,0.6820639216505583,0.6855221024683882,0.6689507166517936,0.3253928028383173,0.011657374556512924,0.6862645717181957,0.8660140624764545,0.7020294171946374,0.59940924062257,0.580034806348671,0.28709349593495936,0.01016260162601626,0.7230691056910569,0.8608767495309309
vit_small,fold_3,0.5221909705546245,0.7218230928749158,0.6772178300001449,0.21200904791281103,0.009459181575159367,0.7974501336623483,0.9151286640712538,0.567923932936085,0.6616513707473066,0.6394194885906919,0.23045685279187816,0.003045685279187817,0.7725888324873097,0.9020964480165214,0.5612348915391845,0.7240081904669323,0.6781840895380431,0.24193548387096775,0.012486992715920915,0.7705515088449532,0.9036950040257397,0.5495749143118462,0.6650780794169707,0.6435321473164995,0.2203562340966921,0.0071246819338422395,0.7867684478371502,0.9147277271298077,0.5595451572896659,0.7187884411342343,0.6635893941400974,0.2525987525987526,0.016632016632016633,0.764033264033264,0.9022674355321594,0.3519984188906741,0.7096131786047751,0.6704447848134206,0.11516709511568124,0.008226221079691516,0.8930591259640103,0.9503321288450811,0.2291246118258722,0.6549646691040557,0.6031947693438376,0.07317073170731707,0.003181336161187699,0.9300106044538706,0.9558519303276908,0.39235978019066253,0.6992045856083221,0.6364000602074497,0.1399793388429752,0.005681818181818182,0.8657024793388429,0.9270189013619663,0.5464112043014075,0.7426909192949934,0.6794877300968829,0.23995932892730046,0.0035587188612099642,0.7635993899339095,0.9053195346354083,0.6306158993197992,0.7103287468692959,0.681755346001231,0.324530218384967,0.011681056373793804,0.6871508379888268,0.8781709284415039,0.6817699350077111,0.6284461432318714,0.6032626796748141,0.27540650406504064,0.022865853658536585,0.7474593495934959,0.8687087276217693
vit_small,fold_4,0.5396667811587549,0.7202360078007747,0.6842991117690916,0.2116773471671244,0.005797985962770827,0.7941206387956464,0.9125255749930696,0.575048469142395,0.7136580453057038,0.6144756289559162,0.2595959595959596,0.010101010101010102,0.7505050505050505,0.8877466489155351,0.5854560970464014,0.7223544194533723,0.7133775574312425,0.22079918032786885,0.005122950819672131,0.7843237704918032,0.9138785921270897,0.5786395441501246,0.7247279544113584,0.6660643194627358,0.22424242424242424,0.005555555555555556,0.7813131313131313,0.9021149380317365,0.5703693265500962,0.7074530327620764,0.6943405437657603,0.22387295081967212,0.0025614754098360654,0.7786885245901639,0.9079335971867968,0.36644852839744596,0.7500896877493709,0.6871547436737769,0.12963904422979156,0.005592272496187087,0.8759532282663955,0.9495209413488698,0.2368824866377929,0.6328591679325775,0.6369963049264346,0.056847545219638244,0.0020671834625322996,0.945219638242894,0.958229197655004,0.42127309432039795,0.6690320167335139,0.6643817174806533,0.14665304036791008,0.002043944813490036,0.85539090444558,0.9242813034107004,0.60381087371655,0.6896200065733643,0.6702942801084065,0.24646464646464647,0.004545454545454545,0.7580808080808081,0.8932816310968471,0.6360055308360925,0.7084462693599628,0.6811543079247452,0.32222222222222224,0.007575757575757576,0.6853535353535354,0.8759897683655803,0.6784132052375332,0.6708592064348152,0.6263096289000624,0.28196058615462355,0.012632642748863061,0.7306720565942395,0.8667919156617351
