model,fold,method,deletion_auc,insertion_auc,source
cbm_leaky,fold_0,gradcam,0.6277212358734056,0.7768101464544985,artifacts\results\current\v4\rsna\dataset_no_npy\combined_xai_multifold\fold_0\cbm_leaky\faithfulness_metrics.csv
cbm_leaky,fold_0,gradcam++,0.652801386566595,0.7533704414659805,artifacts\results\current\v4\rsna\dataset_no_npy\combined_xai_multifold\fold_0\cbm_leaky\faithfulness_metrics.csv
cbm_leaky,fold_0,gradient_shap,0.5799947894984555,0.7547957216775054,artifacts\results\current\v4\rsna\dataset_no_npy\combined_xai_multifold\fold_0\cbm_leaky\faithfulness_metrics.csv
cbm_leaky,fold_0,guided_backprop,0.5840205466048355,0.721262228390653,artifacts\results\current\v4\rsna\dataset_no_npy\combined_xai_multifold\fold_0\cbm_leaky\faithfulness_metrics.csv
cbm_leaky,fold_0,integrated_gradients,0.5806259210814799,0.7545665399158267,artifacts\results\current\v4\rsna\dataset_no_npy\combined_xai_multifold\fold_0\cbm_leaky\faithfulness_metrics.csv
cbm_leaky,fold_0,occlusion,0.5914528299732095,0.7840531947914327,artifacts\results\current\v4\rsna\dataset_no_npy\combined_xai_multifold\fold_0\cbm_leaky\faithfulness_metrics.csv
cbm_nonleaky,fold_0,gradcam,0.7252664013072057,0.8142370558961247,artifacts\results\current\v4\rsna\dataset_no_npy\combined_xai_multifold\fold_0\cbm_nonleaky\faithfulness_metrics.csv
cbm_nonleaky,fold_0,gradcam++,0.7408849666408588,0.8053272631897641,artifacts\results\current\v4\rsna\dataset_no_npy\combined_xai_multifold\fold_0\cbm_nonleaky\faithfulness_metrics.csv
cbm_nonleaky,fold_0,gradient_shap,0.6786226334348079,0.8196765183278507,artifacts\results\current\v4\rsna\dataset_no_npy\combined_xai_multifold\fold_0\cbm_nonleaky\faithfulness_metrics.csv
cbm_nonleaky,fold_0,guided_backprop,0.6891541284310582,0.7980103950710502,artifacts\results\current\v4\rsna\dataset_no_npy\combined_xai_multifold\fold_0\cbm_nonleaky\faithfulness_metrics.csv
cbm_nonleaky,fold_0,integrated_gradients,0.6769427380816011,0.8195038331798526,artifacts\results\current\v4\rsna\dataset_no_npy\combined_xai_multifold\fold_0\cbm_nonleaky\faithfulness_metrics.csv
cbm_nonleaky,fold_0,occlusion,0.7248509680831298,0.8253889263784397,artifacts\results\current\v4\rsna\dataset_no_npy\combined_xai_multifold\fold_0\cbm_nonleaky\faithfulness_metrics.csv
convnext_blackbox,fold_0,gradcam,0.7186430906633637,0.7044052040574437,artifacts\results\current\v4\rsna\dataset_no_npy\combined_xai_multifold\fold_0\convnext_blackbox\faithfulness_metrics.csv
convnext_blackbox,fold_0,gradcam++,0.6582566208513381,0.7740926751513834,artifacts\results\current\v4\rsna\dataset_no_npy\combined_xai_multifold\fold_0\convnext_blackbox\faithfulness_metrics.csv
convnext_blackbox,fold_0,gradient_shap,0.5809674599159552,0.7891480870543964,artifacts\results\current\v4\rsna\dataset_no_npy\combined_xai_multifold\fold_0\convnext_blackbox\faithfulness_metrics.csv
convnext_blackbox,fold_0,guided_backprop,0.5637947417779966,0.7559166385462183,artifacts\results\current\v4\rsna\dataset_no_npy\combined_xai_multifold\fold_0\convnext_blackbox\faithfulness_metrics.csv
convnext_blackbox,fold_0,integrated_gradients,0.579138354665088,0.7854992657376594,artifacts\results\current\v4\rsna\dataset_no_npy\combined_xai_multifold\fold_0\convnext_blackbox\faithfulness_metrics.csv
convnext_blackbox,fold_0,occlusion,0.5878108101626979,0.8161816715715128,artifacts\results\current\v4\rsna\dataset_no_npy\combined_xai_multifold\fold_0\convnext_blackbox\faithfulness_metrics.csv
deit_small,fold_0,attention_rollout,0.5730044391428237,0.7760642224745049,artifacts\results\current\v4\rsna\dataset_no_npy\combined_xai_multifold\fold_0\deit_small\faithfulness_metrics.csv
deit_small,fold_0,gradcam,0.618182294565253,0.6743403643323884,artifacts\results\current\v4\rsna\dataset_no_npy\combined_xai_multifold\fold_0\deit_small\faithfulness_metrics.csv
deit_small,fold_0,gradcam++,0.6287850957654882,0.6824303941829906,artifacts\results\current\v4\rsna\dataset_no_npy\combined_xai_multifold\fold_0\deit_small\faithfulness_metrics.csv
deit_small,fold_0,gradient_shap,0.5218452332780386,0.7409251787786683,artifacts\results\current\v4\rsna\dataset_no_npy\combined_xai_multifold\fold_0\deit_small\faithfulness_metrics.csv
deit_small,fold_0,guided_backprop,0.534468866311945,0.7183588116926451,artifacts\results\current\v4\rsna\dataset_no_npy\combined_xai_multifold\fold_0\deit_small\faithfulness_metrics.csv
deit_small,fold_0,integrated_gradients,0.5218472105317438,0.7371227684877812,artifacts\results\current\v4\rsna\dataset_no_npy\combined_xai_multifold\fold_0\deit_small\faithfulness_metrics.csv
deit_small,fold_0,occlusion,0.5581198051829511,0.7727747985425716,artifacts\results\current\v4\rsna\dataset_no_npy\combined_xai_multifold\fold_0\deit_small\faithfulness_metrics.csv
densenet121,fold_0,gradcam,0.5385850665847344,0.7859252596314182,artifacts\results\current\v4\rsna\dataset_no_npy\combined_xai_multifold\fold_0\densenet121\faithfulness_metrics.csv
densenet121,fold_0,gradcam++,0.560969275179843,0.7638439821363232,artifacts\results\current\v4\rsna\dataset_no_npy\combined_xai_multifold\fold_0\densenet121\faithfulness_metrics.csv
densenet121,fold_0,gradient_shap,0.5515559307749499,0.7684260850312615,artifacts\results\current\v4\rsna\dataset_no_npy\combined_xai_multifold\fold_0\densenet121\faithfulness_metrics.csv
densenet121,fold_0,guided_backprop,0.5468210619996728,0.7623658890609125,artifacts\results\current\v4\rsna\dataset_no_npy\combined_xai_multifold\fold_0\densenet121\faithfulness_metrics.csv
densenet121,fold_0,integrated_gradients,0.5485086092088022,0.758530800439398,artifacts\results\current\v4\rsna\dataset_no_npy\combined_xai_multifold\fold_0\densenet121\faithfulness_metrics.csv
densenet121,fold_0,occlusion,0.564449920955347,0.7555260927387475,artifacts\results\current\v4\rsna\dataset_no_npy\combined_xai_multifold\fold_0\densenet121\faithfulness_metrics.csv
efficientnet_b4,fold_0,gradcam,0.49091773604132566,0.729582806698978,artifacts\results\current\v4\rsna\dataset_no_npy\combined_xai_multifold\fold_0\efficientnet_b4\faithfulness_metrics.csv
efficientnet_b4,fold_0,gradcam++,0.5115441520180902,0.7173493098532782,artifacts\results\current\v4\rsna\dataset_no_npy\combined_xai_multifold\fold_0\efficientnet_b4\faithfulness_metrics.csv
efficientnet_b4,fold_0,gradient_shap,0.47034592418498744,0.5400700426798624,artifacts\results\current\v4\rsna\dataset_no_npy\combined_xai_multifold\fold_0\efficientnet_b4\faithfulness_metrics.csv
efficientnet_b4,fold_0,guided_backprop,0.4696574653090599,0.4554477234361693,artifacts\results\current\v4\rsna\dataset_no_npy\combined_xai_multifold\fold_0\efficientnet_b4\faithfulness_metrics.csv
efficientnet_b4,fold_0,integrated_gradients,0.45885237157385567,0.4897372336599316,artifacts\results\current\v4\rsna\dataset_no_npy\combined_xai_multifold\fold_0\efficientnet_b4\faithfulness_metrics.csv
efficientnet_b4,fold_0,occlusion,0.5007715252712369,0.6821311516140898,artifacts\results\current\v4\rsna\dataset_no_npy\combined_xai_multifold\fold_0\efficientnet_b4\faithfulness_metrics.csv
resnet50,fold_0,gradcam,0.5292743609983784,0.7384429875188506,artifacts\results\current\v4\rsna\dataset_no_npy\combined_xai_multifold\fold_0\resnet50\faithfulness_metrics.csv
resnet50,fold_0,gradcam++,0.5381520124818004,0.7375908016255514,artifacts\results\current\v4\rsna\dataset_no_npy\combined_xai_multifold\fold_0\resnet50\faithfulness_metrics.csv
resnet50,fold_0,gradient_shap,0.5712905798881548,0.7545343650520032,artifacts\results\current\v4\rsna\dataset_no_npy\combined_xai_multifold\fold_0\resnet50\faithfulness_metrics.csv
resnet50,fold_0,guided_backprop,0.561854118402116,0.7490412078451482,artifacts\results\current\v4\rsna\dataset_no_npy\combined_xai_multifold\fold_0\resnet50\faithfulness_metrics.csv
resnet50,fold_0,integrated_gradients,0.5746720812353693,0.7434354466492853,artifacts\results\current\v4\rsna\dataset_no_npy\combined_xai_multifold\fold_0\resnet50\faithfulness_metrics.csv
resnet50,fold_0,occlusion,0.5770705477001611,0.6871722860687102,artifacts\results\current\v4\rsna\dataset_no_npy\combined_xai_multifold\fold_0\resnet50\faithfulness_metrics.csv
vit_small,fold_0,gradcam,0.6016605045590065,0.6724251475229976,artifacts\results\current\v4\rsna\dataset_no_npy\combined_xai_multifold\fold_0\vit_small\faithfulness_metrics.csv
vit_small,fold_0,gradcam++,0.6101863178014173,0.6771334218800475,artifacts\results\current\v4\rsna\dataset_no_npy\combined_xai_multifold\fold_0\vit_small\faithfulness_metrics.csv
vit_small,fold_0,gradient_shap,0.4269076148230233,0.7597484842248474,artifacts\results\current\v4\rsna\dataset_no_npy\combined_xai_multifold\fold_0\vit_small\faithfulness_metrics.csv
vit_small,fold_0,guided_backprop,0.4687111718062273,0.7511786503944508,artifacts\results\current\v4\rsna\dataset_no_npy\combined_xai_multifold\fold_0\vit_small\faithfulness_metrics.csv
vit_small,fold_0,integrated_gradients,0.42682285012274707,0.7595068747797243,artifacts\results\current\v4\rsna\dataset_no_npy\combined_xai_multifold\fold_0\vit_small\faithfulness_metrics.csv
vit_small,fold_0,occlusion,0.4924322371895735,0.7929372221715942,artifacts\results\current\v4\rsna\dataset_no_npy\combined_xai_multifold\fold_0\vit_small\faithfulness_metrics.csv
cbm_leaky,fold_1,gradcam,0.6600827252693513,0.7349352730856432,artifacts\results\current\v4\rsna\dataset_no_npy\combined_xai_multifold\fold_1\cbm_leaky\faithfulness_metrics.csv
cbm_leaky,fold_1,gradcam++,0.7141680948895712,0.6958818184140643,artifacts\results\current\v4\rsna\dataset_no_npy\combined_xai_multifold\fold_1\cbm_leaky\faithfulness_metrics.csv
cbm_leaky,fold_1,gradient_shap,0.39987878533054994,0.7707685957115803,artifacts\results\current\v4\rsna\dataset_no_npy\combined_xai_multifold\fold_1\cbm_leaky\faithfulness_metrics.csv
cbm_leaky,fold_1,guided_backprop,0.4201542372081118,0.7254494931536707,artifacts\results\current\v4\rsna\dataset_no_npy\combined_xai_multifold\fold_1\cbm_leaky\faithfulness_metrics.csv
cbm_leaky,fold_1,integrated_gradients,0.3989238577847718,0.7708808636783505,artifacts\results\current\v4\rsna\dataset_no_npy\combined_xai_multifold\fold_1\cbm_leaky\faithfulness_metrics.csv
cbm_leaky,fold_1,occlusion,0.4786779979301888,0.7871444208931838,artifacts\results\current\v4\rsna\dataset_no_npy\combined_xai_multifold\fold_1\cbm_leaky\faithfulness_metrics.csv
cbm_nonleaky,fold_1,gradcam,0.6115701424978129,0.7101060037128045,artifacts\results\current\v4\rsna\dataset_no_npy\combined_xai_multifold\fold_1\cbm_nonleaky\faithfulness_metrics.csv
cbm_nonleaky,fold_1,gradcam++,0.6146389748891233,0.72464745709496,artifacts\results\current\v4\rsna\dataset_no_npy\combined_xai_multifold\fold_1\cbm_nonleaky\faithfulness_metrics.csv
cbm_nonleaky,fold_1,gradient_shap,0.4276898574416063,0.7760146039229718,artifacts\results\current\v4\rsna\dataset_no_npy\combined_xai_multifold\fold_1\cbm_nonleaky\faithfulness_metrics.csv
cbm_nonleaky,fold_1,guided_backprop,0.4565889559315043,0.7525912618590883,artifacts\results\current\v4\rsna\dataset_no_npy\combined_xai_multifold\fold_1\cbm_nonleaky\faithfulness_metrics.csv
cbm_nonleaky,fold_1,integrated_gradients,0.4265924659729274,0.77537388976776,artifacts\results\current\v4\rsna\dataset_no_npy\combined_xai_multifold\fold_1\cbm_nonleaky\faithfulness_metrics.csv
cbm_nonleaky,fold_1,occlusion,0.5038307909770646,0.7953784975431839,artifacts\results\current\v4\rsna\dataset_no_npy\combined_xai_multifold\fold_1\cbm_nonleaky\faithfulness_metrics.csv
convnext_blackbox,fold_1,gradcam,0.6700797413553811,0.6733343977844342,artifacts\results\current\v4\rsna\dataset_no_npy\combined_xai_multifold\fold_1\convnext_blackbox\faithfulness_metrics.csv
convnext_blackbox,fold_1,gradcam++,0.6379562845292288,0.7012185313537096,artifacts\results\current\v4\rsna\dataset_no_npy\combined_xai_multifold\fold_1\convnext_blackbox\faithfulness_metrics.csv
convnext_blackbox,fold_1,gradient_shap,0.47596334813737,0.7766275313479516,artifacts\results\current\v4\rsna\dataset_no_npy\combined_xai_multifold\fold_1\convnext_blackbox\faithfulness_metrics.csv
convnext_blackbox,fold_1,guided_backprop,0.4801397557271023,0.7554381430313611,artifacts\results\current\v4\rsna\dataset_no_npy\combined_xai_multifold\fold_1\convnext_blackbox\faithfulness_metrics.csv
convnext_blackbox,fold_1,integrated_gradients,0.4731277578297692,0.7759805344213576,artifacts\results\current\v4\rsna\dataset_no_npy\combined_xai_multifold\fold_1\convnext_blackbox\faithfulness_metrics.csv
convnext_blackbox,fold_1,occlusion,0.5022712649535387,0.802455683927983,artifacts\results\current\v4\rsna\dataset_no_npy\combined_xai_multifold\fold_1\convnext_blackbox\faithfulness_metrics.csv
deit_small,fold_1,attention_rollout,0.5866376035188053,0.7695407811179757,artifacts\results\current\v4\rsna\dataset_no_npy\combined_xai_multifold\fold_1\deit_small\faithfulness_metrics.csv
deit_small,fold_1,gradcam,0.6594605553199848,0.6847547646292175,artifacts\results\current\v4\rsna\dataset_no_npy\combined_xai_multifold\fold_1\deit_small\faithfulness_metrics.csv
deit_small,fold_1,gradcam++,0.6480633823437771,0.6845322710281859,artifacts\results\current\v4\rsna\dataset_no_npy\combined_xai_multifold\fold_1\deit_small\faithfulness_metrics.csv
deit_small,fold_1,gradient_shap,0.5506135804395502,0.753191727069517,artifacts\results\current\v4\rsna\dataset_no_npy\combined_xai_multifold\fold_1\deit_small\faithfulness_metrics.csv
deit_small,fold_1,guided_backprop,0.5503296692289101,0.7428928659477582,artifacts\results\current\v4\rsna\dataset_no_npy\combined_xai_multifold\fold_1\deit_small\faithfulness_metrics.csv
deit_small,fold_1,integrated_gradients,0.5519317569260797,0.7455530629766484,artifacts\results\current\v4\rsna\dataset_no_npy\combined_xai_multifold\fold_1\deit_small\faithfulness_metrics.csv
deit_small,fold_1,occlusion,0.5683235189650829,0.7465013938310247,artifacts\results\current\v4\rsna\dataset_no_npy\combined_xai_multifold\fold_1\deit_small\faithfulness_metrics.csv
densenet121,fold_1,gradcam,0.5465666233620916,0.7633385110525026,artifacts\results\current\v4\rsna\dataset_no_npy\combined_xai_multifold\fold_1\densenet121\faithfulness_metrics.csv
densenet121,fold_1,gradcam++,0.5590127718007812,0.7576555591076612,artifacts\results\current\v4\rsna\dataset_no_npy\combined_xai_multifold\fold_1\densenet121\faithfulness_metrics.csv
densenet121,fold_1,gradient_shap,0.529020538931402,0.7487242615271825,artifacts\results\current\v4\rsna\dataset_no_npy\combined_xai_multifold\fold_1\densenet121\faithfulness_metrics.csv
densenet121,fold_1,guided_backprop,0.5095228863460943,0.759266794866237,artifacts\results\current\v4\rsna\dataset_no_npy\combined_xai_multifold\fold_1\densenet121\faithfulness_metrics.csv
densenet121,fold_1,integrated_gradients,0.5114271894919996,0.7352961517414077,artifacts\results\current\v4\rsna\dataset_no_npy\combined_xai_multifold\fold_1\densenet121\faithfulness_metrics.csv
densenet121,fold_1,occlusion,0.46786099322699004,0.737896691786591,artifacts\results\current\v4\rsna\dataset_no_npy\combined_xai_multifold\fold_1\densenet121\faithfulness_metrics.csv
efficientnet_b4,fold_1,gradcam,0.5104318853590308,0.7791313740352586,artifacts\results\current\v4\rsna\dataset_no_npy\combined_xai_multifold\fold_1\efficientnet_b4\faithfulness_metrics.csv
efficientnet_b4,fold_1,gradcam++,0.5516563950336227,0.7720820104215043,artifacts\results\current\v4\rsna\dataset_no_npy\combined_xai_multifold\fold_1\efficientnet_b4\faithfulness_metrics.csv
efficientnet_b4,fold_1,gradient_shap,0.5494912892865639,0.6343881050630007,artifacts\results\current\v4\rsna\dataset_no_npy\combined_xai_multifold\fold_1\efficientnet_b4\faithfulness_metrics.csv
efficientnet_b4,fold_1,guided_backprop,0.5601191894098495,0.5580801067593856,artifacts\results\current\v4\rsna\dataset_no_npy\combined_xai_multifold\fold_1\efficientnet_b4\faithfulness_metrics.csv
efficientnet_b4,fold_1,integrated_gradients,0.5405040617485453,0.5822594855692975,artifacts\results\current\v4\rsna\dataset_no_npy\combined_xai_multifold\fold_1\efficientnet_b4\faithfulness_metrics.csv
efficientnet_b4,fold_1,occlusion,0.5748391665621894,0.7345176968843832,artifacts\results\current\v4\rsna\dataset_no_npy\combined_xai_multifold\fold_1\efficientnet_b4\faithfulness_metrics.csv
resnet50,fold_1,gradcam,0.5536826457619511,0.7364003824066215,artifacts\results\current\v4\rsna\dataset_no_npy\combined_xai_multifold\fold_1\resnet50\faithfulness_metrics.csv
resnet50,fold_1,gradcam++,0.552947832101568,0.7389054015004852,artifacts\results\current\v4\rsna\dataset_no_npy\combined_xai_multifold\fold_1\resnet50\faithfulness_metrics.csv
resnet50,fold_1,gradient_shap,0.5914075653109855,0.7347621337386857,artifacts\results\current\v4\rsna\dataset_no_npy\combined_xai_multifold\fold_1\resnet50\faithfulness_metrics.csv
resnet50,fold_1,guided_backprop,0.5267990578846851,0.7285542267680479,artifacts\results\current\v4\rsna\dataset_no_npy\combined_xai_multifold\fold_1\resnet50\faithfulness_metrics.csv
resnet50,fold_1,integrated_gradients,0.5937244675015099,0.728864260080387,artifacts\results\current\v4\rsna\dataset_no_npy\combined_xai_multifold\fold_1\resnet50\faithfulness_metrics.csv
resnet50,fold_1,occlusion,0.520617501512713,0.6553017498250895,artifacts\results\current\v4\rsna\dataset_no_npy\combined_xai_multifold\fold_1\resnet50\faithfulness_metrics.csv
vit_small,fold_1,gradcam,0.6330615895694549,0.672909856736757,artifacts\results\current\v4\rsna\dataset_no_npy\combined_xai_multifold\fold_1\vit_small\faithfulness_metrics.csv
vit_small,fold_1,gradcam++,0.6197667667875066,0.6778546359958126,artifacts\results\current\v4\rsna\dataset_no_npy\combined_xai_multifold\fold_1\vit_small\faithfulness_metrics.csv
vit_small,fold_1,gradient_shap,0.4682550506146314,0.7313315081827653,artifacts\results\current\v4\rsna\dataset_no_npy\combined_xai_multifold\fold_1\vit_small\faithfulness_metrics.csv
vit_small,fold_1,guided_backprop,0.4855441112538489,0.7325766099970011,artifacts\results\current\v4\rsna\dataset_no_npy\combined_xai_multifold\fold_1\vit_small\faithfulness_metrics.csv
vit_small,fold_1,integrated_gradients,0.4689030305047054,0.7308736796996866,artifacts\results\current\v4\rsna\dataset_no_npy\combined_xai_multifold\fold_1\vit_small\faithfulness_metrics.csv
vit_small,fold_1,occlusion,0.4729821395482868,0.7655003727522368,artifacts\results\current\v4\rsna\dataset_no_npy\combined_xai_multifold\fold_1\vit_small\faithfulness_metrics.csv
cbm_leaky,fold_2,gradcam,0.5725917029948614,0.7433567568258538,artifacts\results\current\v4\rsna\dataset_no_npy\combined_xai_multifold\fold_2\cbm_leaky\faithfulness_metrics.csv
cbm_leaky,fold_2,gradcam++,0.5989007790332543,0.7815420857973707,artifacts\results\current\v4\rsna\dataset_no_npy\combined_xai_multifold\fold_2\cbm_leaky\faithfulness_metrics.csv
cbm_leaky,fold_2,gradient_shap,0.4756590007498744,0.7568562554272745,artifacts\results\current\v4\rsna\dataset_no_npy\combined_xai_multifold\fold_2\cbm_leaky\faithfulness_metrics.csv
cbm_leaky,fold_2,guided_backprop,0.524459785762049,0.7146527881056634,artifacts\results\current\v4\rsna\dataset_no_npy\combined_xai_multifold\fold_2\cbm_leaky\faithfulness_metrics.csv
cbm_leaky,fold_2,integrated_gradients,0.47562266576144613,0.7559487627167352,artifacts\results\current\v4\rsna\dataset_no_npy\combined_xai_multifold\fold_2\cbm_leaky\faithfulness_metrics.csv
cbm_leaky,fold_2,occlusion,0.5371340327832343,0.8016646587253393,artifacts\results\current\v4\rsna\dataset_no_npy\combined_xai_multifold\fold_2\cbm_leaky\faithfulness_metrics.csv
cbm_nonleaky,fold_2,gradcam,0.50828545242978,0.7417746169007078,artifacts\results\current\v4\rsna\dataset_no_npy\combined_xai_multifold\fold_2\cbm_nonleaky\faithfulness_metrics.csv
cbm_nonleaky,fold_2,gradcam++,0.5324307816128736,0.7655370974881734,artifacts\results\current\v4\rsna\dataset_no_npy\combined_xai_multifold\fold_2\cbm_nonleaky\faithfulness_metrics.csv
cbm_nonleaky,fold_2,gradient_shap,0.3515673526856456,0.770326078736187,artifacts\results\current\v4\rsna\dataset_no_npy\combined_xai_multifold\fold_2\cbm_nonleaky\faithfulness_metrics.csv
cbm_nonleaky,fold_2,guided_backprop,0.3960458931909464,0.7279223791701637,artifacts\results\current\v4\rsna\dataset_no_npy\combined_xai_multifold\fold_2\cbm_nonleaky\faithfulness_metrics.csv
cbm_nonleaky,fold_2,integrated_gradients,0.34991667121028025,0.7701837913292474,artifacts\results\current\v4\rsna\dataset_no_npy\combined_xai_multifold\fold_2\cbm_nonleaky\faithfulness_metrics.csv
cbm_nonleaky,fold_2,occlusion,0.39587823517687504,0.8059207310179063,artifacts\results\current\v4\rsna\dataset_no_npy\combined_xai_multifold\fold_2\cbm_nonleaky\faithfulness_metrics.csv
convnext_blackbox,fold_2,gradcam,0.6200903565050102,0.6544050241766963,artifacts\results\current\v4\rsna\dataset_no_npy\combined_xai_multifold\fold_2\convnext_blackbox\faithfulness_metrics.csv
convnext_blackbox,fold_2,gradcam++,0.5817493330261495,0.6978471810678796,artifacts\results\current\v4\rsna\dataset_no_npy\combined_xai_multifold\fold_2\convnext_blackbox\faithfulness_metrics.csv
convnext_blackbox,fold_2,gradient_shap,0.4408663890298291,0.748003418475324,artifacts\results\current\v4\rsna\dataset_no_npy\combined_xai_multifold\fold_2\convnext_blackbox\faithfulness_metrics.csv
convnext_blackbox,fold_2,guided_backprop,0.4801210776913018,0.7111664651787554,artifacts\results\current\v4\rsna\dataset_no_npy\combined_xai_multifold\fold_2\convnext_blackbox\faithfulness_metrics.csv
convnext_blackbox,fold_2,integrated_gradients,0.44117749795342387,0.7480362775572454,artifacts\results\current\v4\rsna\dataset_no_npy\combined_xai_multifold\fold_2\convnext_blackbox\faithfulness_metrics.csv
convnext_blackbox,fold_2,occlusion,0.4837010779228682,0.7930829310485472,artifacts\results\current\v4\rsna\dataset_no_npy\combined_xai_multifold\fold_2\convnext_blackbox\faithfulness_metrics.csv
deit_small,fold_2,attention_rollout,0.5897094331828412,0.7359045077934862,artifacts\results\current\v4\rsna\dataset_no_npy\combined_xai_multifold\fold_2\deit_small\faithfulness_metrics.csv
deit_small,fold_2,gradcam,0.6611379320106159,0.6625125215208778,artifacts\results\current\v4\rsna\dataset_no_npy\combined_xai_multifold\fold_2\deit_small\faithfulness_metrics.csv
deit_small,fold_2,gradcam++,0.666944664557154,0.6733391364212148,artifacts\results\current\v4\rsna\dataset_no_npy\combined_xai_multifold\fold_2\deit_small\faithfulness_metrics.csv
deit_small,fold_2,gradient_shap,0.5563316486133262,0.7045148903240139,artifacts\results\current\v4\rsna\dataset_no_npy\combined_xai_multifold\fold_2\deit_small\faithfulness_metrics.csv
deit_small,fold_2,guided_backprop,0.5541921873069368,0.6914338472178206,artifacts\results\current\v4\rsna\dataset_no_npy\combined_xai_multifold\fold_2\deit_small\faithfulness_metrics.csv
deit_small,fold_2,integrated_gradients,0.5615243828995153,0.7009196931918462,artifacts\results\current\v4\rsna\dataset_no_npy\combined_xai_multifold\fold_2\deit_small\faithfulness_metrics.csv
deit_small,fold_2,occlusion,0.6022343075977018,0.6953637776151299,artifacts\results\current\v4\rsna\dataset_no_npy\combined_xai_multifold\fold_2\deit_small\faithfulness_metrics.csv
densenet121,fold_2,gradcam,0.47880991044221444,0.8190105741952235,artifacts\results\current\v4\rsna\dataset_no_npy\combined_xai_multifold\fold_2\densenet121\faithfulness_metrics.csv
densenet121,fold_2,gradcam++,0.524042614489949,0.785180330277731,artifacts\results\current\v4\rsna\dataset_no_npy\combined_xai_multifold\fold_2\densenet121\faithfulness_metrics.csv
densenet121,fold_2,gradient_shap,0.45947922807594294,0.7931057355751594,artifacts\results\current\v4\rsna\dataset_no_npy\combined_xai_multifold\fold_2\densenet121\faithfulness_metrics.csv
densenet121,fold_2,guided_backprop,0.4604870046490105,0.786277001829818,artifacts\results\current\v4\rsna\dataset_no_npy\combined_xai_multifold\fold_2\densenet121\faithfulness_metrics.csv
densenet121,fold_2,integrated_gradients,0.4481046334611407,0.7790731572403262,artifacts\results\current\v4\rsna\dataset_no_npy\combined_xai_multifold\fold_2\densenet121\faithfulness_metrics.csv
densenet121,fold_2,occlusion,0.4368508992891293,0.7935959809944034,artifacts\results\current\v4\rsna\dataset_no_npy\combined_xai_multifold\fold_2\densenet121\faithfulness_metrics.csv
efficientnet_b4,fold_2,gradcam,0.38237045814188114,0.6844011037132393,artifacts\results\current\v4\rsna\dataset_no_npy\combined_xai_multifold\fold_2\efficientnet_b4\faithfulness_metrics.csv
efficientnet_b4,fold_2,gradcam++,0.42226848100579806,0.6774813303907091,artifacts\results\current\v4\rsna\dataset_no_npy\combined_xai_multifold\fold_2\efficientnet_b4\faithfulness_metrics.csv
efficientnet_b4,fold_2,gradient_shap,0.4402147880520594,0.5024816725708855,artifacts\results\current\v4\rsna\dataset_no_npy\combined_xai_multifold\fold_2\efficientnet_b4\faithfulness_metrics.csv
efficientnet_b4,fold_2,guided_backprop,0.45753348758777906,0.4628596043655027,artifacts\results\current\v4\rsna\dataset_no_npy\combined_xai_multifold\fold_2\efficientnet_b4\faithfulness_metrics.csv
efficientnet_b4,fold_2,integrated_gradients,0.4447165634925865,0.48178597997874023,artifacts\results\current\v4\rsna\dataset_no_npy\combined_xai_multifold\fold_2\efficientnet_b4\faithfulness_metrics.csv
efficientnet_b4,fold_2,occlusion,0.45515423775928987,0.6247208536807448,artifacts\results\current\v4\rsna\dataset_no_npy\combined_xai_multifold\fold_2\efficientnet_b4\faithfulness_metrics.csv
resnet50,fold_2,gradcam,0.539560139889419,0.7010263149091043,artifacts\results\current\v4\rsna\dataset_no_npy\combined_xai_multifold\fold_2\resnet50\faithfulness_metrics.csv
resnet50,fold_2,gradcam++,0.5359580904861553,0.7092662339144542,artifacts\results\current\v4\rsna\dataset_no_npy\combined_xai_multifold\fold_2\resnet50\faithfulness_metrics.csv
resnet50,fold_2,gradient_shap,0.5005804517526801,0.7020889429106998,artifacts\results\current\v4\rsna\dataset_no_npy\combined_xai_multifold\fold_2\resnet50\faithfulness_metrics.csv
resnet50,fold_2,guided_backprop,0.5247409305972979,0.6975226369117542,artifacts\results\current\v4\rsna\dataset_no_npy\combined_xai_multifold\fold_2\resnet50\faithfulness_metrics.csv
resnet50,fold_2,integrated_gradients,0.5121898737143105,0.6935685248417625,artifacts\results\current\v4\rsna\dataset_no_npy\combined_xai_multifold\fold_2\resnet50\faithfulness_metrics.csv
resnet50,fold_2,occlusion,0.5105055788299069,0.6351343904246266,artifacts\results\current\v4\rsna\dataset_no_npy\combined_xai_multifold\fold_2\resnet50\faithfulness_metrics.csv
vit_small,fold_2,attention_rollout,0.5863841410987273,0.7730669352516222,artifacts\results\current\v4\rsna\dataset_no_npy\combined_xai_multifold\fold_2\vit_small\faithfulness_metrics.csv
vit_small,fold_2,gradcam,0.6757576108866682,0.7031686135393878,artifacts\results\current\v4\rsna\dataset_no_npy\combined_xai_multifold\fold_2\vit_small\faithfulness_metrics.csv
vit_small,fold_2,gradcam++,0.6694404897491136,0.6944253872709037,artifacts\results\current\v4\rsna\dataset_no_npy\combined_xai_multifold\fold_2\vit_small\faithfulness_metrics.csv
vit_small,fold_2,gradient_shap,0.5458764799015285,0.7200463747017396,artifacts\results\current\v4\rsna\dataset_no_npy\combined_xai_multifold\fold_2\vit_small\faithfulness_metrics.csv
vit_small,fold_2,guided_backprop,0.5629334444007835,0.728674580508067,artifacts\results\current\v4\rsna\dataset_no_npy\combined_xai_multifold\fold_2\vit_small\faithfulness_metrics.csv
vit_small,fold_2,integrated_gradients,0.5455357468750638,0.7201669831826972,artifacts\results\current\v4\rsna\dataset_no_npy\combined_xai_multifold\fold_2\vit_small\faithfulness_metrics.csv
vit_small,fold_2,occlusion,0.5557973340302705,0.7881117286329778,artifacts\results\current\v4\rsna\dataset_no_npy\combined_xai_multifold\fold_2\vit_small\faithfulness_metrics.csv
cbm_leaky,fold_3,gradcam,0.6837598242993504,0.8066967461582002,artifacts\results\current\v4\rsna\dataset_no_npy\combined_xai_multifold\fold_3\cbm_leaky\faithfulness_metrics.csv
cbm_leaky,fold_3,gradcam++,0.6870892305066226,0.8234609880714561,artifacts\results\current\v4\rsna\dataset_no_npy\combined_xai_multifold\fold_3\cbm_leaky\faithfulness_metrics.csv
cbm_leaky,fold_3,gradient_shap,0.5460161871393017,0.8159658110073262,artifacts\results\current\v4\rsna\dataset_no_npy\combined_xai_multifold\fold_3\cbm_leaky\faithfulness_metrics.csv
cbm_leaky,fold_3,guided_backprop,0.5687628497796443,0.7335569185855856,artifacts\results\current\v4\rsna\dataset_no_npy\combined_xai_multifold\fold_3\cbm_leaky\faithfulness_metrics.csv
cbm_leaky,fold_3,integrated_gradients,0.5486170474643973,0.8159105951327559,artifacts\results\current\v4\rsna\dataset_no_npy\combined_xai_multifold\fold_3\cbm_leaky\faithfulness_metrics.csv
cbm_leaky,fold_3,occlusion,0.6119556344388014,0.8464349665568249,artifacts\results\current\v4\rsna\dataset_no_npy\combined_xai_multifold\fold_3\cbm_leaky\faithfulness_metrics.csv
cbm_nonleaky,fold_3,gradcam,0.5219160368987941,0.7817785800465693,artifacts\results\current\v4\rsna\dataset_no_npy\combined_xai_multifold\fold_3\cbm_nonleaky\faithfulness_metrics.csv
cbm_nonleaky,fold_3,gradcam++,0.47913180050622517,0.8062578968409216,artifacts\results\current\v4\rsna\dataset_no_npy\combined_xai_multifold\fold_3\cbm_nonleaky\faithfulness_metrics.csv
cbm_nonleaky,fold_3,gradient_shap,0.413022920875519,0.8009391355078066,artifacts\results\current\v4\rsna\dataset_no_npy\combined_xai_multifold\fold_3\cbm_nonleaky\faithfulness_metrics.csv
cbm_nonleaky,fold_3,guided_backprop,0.4450118576456249,0.7559976480882808,artifacts\results\current\v4\rsna\dataset_no_npy\combined_xai_multifold\fold_3\cbm_nonleaky\faithfulness_metrics.csv
cbm_nonleaky,fold_3,integrated_gradients,0.41328391217640215,0.8018430491921413,artifacts\results\current\v4\rsna\dataset_no_npy\combined_xai_multifold\fold_3\cbm_nonleaky\faithfulness_metrics.csv
cbm_nonleaky,fold_3,occlusion,0.4560372123120275,0.8322635878610501,artifacts\results\current\v4\rsna\dataset_no_npy\combined_xai_multifold\fold_3\cbm_nonleaky\faithfulness_metrics.csv
convnext_blackbox,fold_3,gradcam,0.7629458465887389,0.7851895351977897,artifacts\results\current\v4\rsna\dataset_no_npy\combined_xai_multifold\fold_3\convnext_blackbox\faithfulness_metrics.csv
convnext_blackbox,fold_3,gradcam++,0.7407334850850359,0.7941069090467426,artifacts\results\current\v4\rsna\dataset_no_npy\combined_xai_multifold\fold_3\convnext_blackbox\faithfulness_metrics.csv
convnext_blackbox,fold_3,gradient_shap,0.6049590739370324,0.8500127985609385,artifacts\results\current\v4\rsna\dataset_no_npy\combined_xai_multifold\fold_3\convnext_blackbox\faithfulness_metrics.csv
convnext_blackbox,fold_3,guided_backprop,0.6040405504631344,0.8401290258317797,artifacts\results\current\v4\rsna\dataset_no_npy\combined_xai_multifold\fold_3\convnext_blackbox\faithfulness_metrics.csv
convnext_blackbox,fold_3,integrated_gradients,0.6023638356338293,0.8490502948972086,artifacts\results\current\v4\rsna\dataset_no_npy\combined_xai_multifold\fold_3\convnext_blackbox\faithfulness_metrics.csv
convnext_blackbox,fold_3,occlusion,0.6402660884600287,0.8576493260599284,artifacts\results\current\v4\rsna\dataset_no_npy\combined_xai_multifold\fold_3\convnext_blackbox\faithfulness_metrics.csv
deit_small,fold_3,attention_rollout,0.5986340840668224,0.773279565838476,artifacts\results\current\v4\rsna\dataset_no_npy\combined_xai_multifold\fold_3\deit_small\faithfulness_metrics.csv
deit_small,fold_3,gradcam,0.6807767186316972,0.6820196660300717,artifacts\results\current\v4\rsna\dataset_no_npy\combined_xai_multifold\fold_3\deit_small\faithfulness_metrics.csv
deit_small,fold_3,gradcam++,0.6680484046014026,0.697919961342588,artifacts\results\current\v4\rsna\dataset_no_npy\combined_xai_multifold\fold_3\deit_small\faithfulness_metrics.csv
deit_small,fold_3,gradient_shap,0.5762081607505679,0.748679577471378,artifacts\results\current\v4\rsna\dataset_no_npy\combined_xai_multifold\fold_3\deit_small\faithfulness_metrics.csv
deit_small,fold_3,guided_backprop,0.5749295352003537,0.7385333565877129,artifacts\results\current\v4\rsna\dataset_no_npy\combined_xai_multifold\fold_3\deit_small\faithfulness_metrics.csv
deit_small,fold_3,integrated_gradients,0.5778968276210751,0.7415377471341441,artifacts\results\current\v4\rsna\dataset_no_npy\combined_xai_multifold\fold_3\deit_small\faithfulness_metrics.csv
deit_small,fold_3,occlusion,0.5792228007028656,0.767994672815005,artifacts\results\current\v4\rsna\dataset_no_npy\combined_xai_multifold\fold_3\deit_small\faithfulness_metrics.csv
densenet121,fold_3,gradcam,0.4772226243814802,0.8229005579277873,artifacts\results\current\v4\rsna\dataset_no_npy\combined_xai_multifold\fold_3\densenet121\faithfulness_metrics.csv
densenet121,fold_3,gradcam++,0.48051422244337544,0.8245908516452958,artifacts\results\current\v4\rsna\dataset_no_npy\combined_xai_multifold\fold_3\densenet121\faithfulness_metrics.csv
densenet121,fold_3,gradient_shap,0.47995968392491334,0.8187588559112823,artifacts\results\current\v4\rsna\dataset_no_npy\combined_xai_multifold\fold_3\densenet121\faithfulness_metrics.csv
densenet121,fold_3,guided_backprop,0.48092354752433797,0.8008797629309362,artifacts\results\current\v4\rsna\dataset_no_npy\combined_xai_multifold\fold_3\densenet121\faithfulness_metrics.csv
densenet121,fold_3,integrated_gradients,0.4708716236896192,0.8045216282638722,artifacts\results\current\v4\rsna\dataset_no_npy\combined_xai_multifold\fold_3\densenet121\faithfulness_metrics.csv
densenet121,fold_3,occlusion,0.4919528646128104,0.7748908845822637,artifacts\results\current\v4\rsna\dataset_no_npy\combined_xai_multifold\fold_3\densenet121\faithfulness_metrics.csv
efficientnet_b4,fold_3,gradcam,0.3973831913769342,0.7457655793363228,artifacts\results\current\v4\rsna\dataset_no_npy\combined_xai_multifold\fold_3\efficientnet_b4\faithfulness_metrics.csv
efficientnet_b4,fold_3,gradcam++,0.42416594577074285,0.7299784761831785,artifacts\results\current\v4\rsna\dataset_no_npy\combined_xai_multifold\fold_3\efficientnet_b4\faithfulness_metrics.csv
efficientnet_b4,fold_3,gradient_shap,0.40400868299346376,0.49978274710026255,artifacts\results\current\v4\rsna\dataset_no_npy\combined_xai_multifold\fold_3\efficientnet_b4\faithfulness_metrics.csv
efficientnet_b4,fold_3,guided_backprop,0.4266202292710853,0.41192219460352014,artifacts\results\current\v4\rsna\dataset_no_npy\combined_xai_multifold\fold_3\efficientnet_b4\faithfulness_metrics.csv
efficientnet_b4,fold_3,integrated_gradients,0.4027486610254273,0.43471443046396596,artifacts\results\current\v4\rsna\dataset_no_npy\combined_xai_multifold\fold_3\efficientnet_b4\faithfulness_metrics.csv
efficientnet_b4,fold_3,occlusion,0.4267033477197401,0.6504198812319276,artifacts\results\current\v4\rsna\dataset_no_npy\combined_xai_multifold\fold_3\efficientnet_b4\faithfulness_metrics.csv
resnet50,fold_3,gradcam,0.7506586567178508,0.8306798991876325,artifacts\results\current\v4\rsna\dataset_no_npy\combined_xai_multifold\fold_3\resnet50\faithfulness_metrics.csv
resnet50,fold_3,gradcam++,0.7517473021515939,0.829267095416657,artifacts\results\current\v4\rsna\dataset_no_npy\combined_xai_multifold\fold_3\resnet50\faithfulness_metrics.csv
resnet50,fold_3,gradient_shap,0.7309671124274494,0.8281621756409976,artifacts\results\current\v4\rsna\dataset_no_npy\combined_xai_multifold\fold_3\resnet50\faithfulness_metrics.csv
resnet50,fold_3,guided_backprop,0.7130660629170888,0.8108588745099712,artifacts\results\current\v4\rsna\dataset_no_npy\combined_xai_multifold\fold_3\resnet50\faithfulness_metrics.csv
resnet50,fold_3,integrated_gradients,0.729104246227728,0.8240382983552478,artifacts\results\current\v4\rsna\dataset_no_npy\combined_xai_multifold\fold_3\resnet50\faithfulness_metrics.csv
resnet50,fold_3,occlusion,0.7127755124359826,0.7798989022318104,artifacts\results\current\v4\rsna\dataset_no_npy\combined_xai_multifold\fold_3\resnet50\faithfulness_metrics.csv
vit_small,fold_3,attention_rollout,0.5791279949508026,0.7557884482544226,artifacts\results\current\v4\rsna\dataset_no_npy\combined_xai_multifold\fold_3\vit_small\faithfulness_metrics.csv
vit_small,fold_3,gradcam,0.607575852953208,0.6778992302746046,artifacts\results\current\v4\rsna\dataset_no_npy\combined_xai_multifold\fold_3\vit_small\faithfulness_metrics.csv
vit_small,fold_3,gradcam++,0.6043872680432396,0.6827733088310342,artifacts\results\current\v4\rsna\dataset_no_npy\combined_xai_multifold\fold_3\vit_small\faithfulness_metrics.csv
vit_small,fold_3,gradient_shap,0.4391156267274248,0.7322250119457021,artifacts\results\current\v4\rsna\dataset_no_npy\combined_xai_multifold\fold_3\vit_small\faithfulness_metrics.csv
vit_small,fold_3,guided_backprop,0.45276047612491915,0.7338158121672458,artifacts\results\current\v4\rsna\dataset_no_npy\combined_xai_multifold\fold_3\vit_small\faithfulness_metrics.csv
vit_small,fold_3,integrated_gradients,0.44194560514134357,0.7270770159868213,artifacts\results\current\v4\rsna\dataset_no_npy\combined_xai_multifold\fold_3\vit_small\faithfulness_metrics.csv
vit_small,fold_3,occlusion,0.45394391904872217,0.7716248651444911,artifacts\results\current\v4\rsna\dataset_no_npy\combined_xai_multifold\fold_3\vit_small\faithfulness_metrics.csv
cbm_leaky,fold_4,gradcam,0.6358795762593751,0.7579200883668794,artifacts\results\current\v4\rsna\dataset_no_npy\combined_xai_multifold\fold_4\cbm_leaky\faithfulness_metrics.csv
cbm_leaky,fold_4,gradcam++,0.6146873608232272,0.7579056095109675,artifacts\results\current\v4\rsna\dataset_no_npy\combined_xai_multifold\fold_4\cbm_leaky\faithfulness_metrics.csv
cbm_leaky,fold_4,gradient_shap,0.4583672001162558,0.7895191320084001,artifacts\results\current\v4\rsna\dataset_no_npy\combined_xai_multifold\fold_4\cbm_leaky\faithfulness_metrics.csv
cbm_leaky,fold_4,guided_backprop,0.4670646069010617,0.7343292194692403,artifacts\results\current\v4\rsna\dataset_no_npy\combined_xai_multifold\fold_4\cbm_leaky\faithfulness_metrics.csv
cbm_leaky,fold_4,integrated_gradients,0.4608535417468592,0.7893451669797772,artifacts\results\current\v4\rsna\dataset_no_npy\combined_xai_multifold\fold_4\cbm_leaky\faithfulness_metrics.csv
cbm_leaky,fold_4,occlusion,0.4795818586692354,0.8135273104144459,artifacts\results\current\v4\rsna\dataset_no_npy\combined_xai_multifold\fold_4\cbm_leaky\faithfulness_metrics.csv
cbm_nonleaky,fold_4,gradcam,0.5657606060850764,0.7610403289575497,artifacts\results\current\v4\rsna\dataset_no_npy\combined_xai_multifold\fold_4\cbm_nonleaky\faithfulness_metrics.csv
cbm_nonleaky,fold_4,gradcam++,0.5270047150220489,0.7815164006328523,artifacts\results\current\v4\rsna\dataset_no_npy\combined_xai_multifold\fold_4\cbm_nonleaky\faithfulness_metrics.csv
cbm_nonleaky,fold_4,gradient_shap,0.3624817397307997,0.7766228089891375,artifacts\results\current\v4\rsna\dataset_no_npy\combined_xai_multifold\fold_4\cbm_nonleaky\faithfulness_metrics.csv
cbm_nonleaky,fold_4,guided_backprop,0.42359831798715214,0.7323602203263169,artifacts\results\current\v4\rsna\dataset_no_npy\combined_xai_multifold\fold_4\cbm_nonleaky\faithfulness_metrics.csv
cbm_nonleaky,fold_4,integrated_gradients,0.3590827203949544,0.7746958268639137,artifacts\results\current\v4\rsna\dataset_no_npy\combined_xai_multifold\fold_4\cbm_nonleaky\faithfulness_metrics.csv
cbm_nonleaky,fold_4,occlusion,0.4676674009360674,0.8176546097084901,artifacts\results\current\v4\rsna\dataset_no_npy\combined_xai_multifold\fold_4\cbm_nonleaky\faithfulness_metrics.csv
convnext_blackbox,fold_4,gradcam,0.6012878209429957,0.6476556934536978,artifacts\results\current\v4\rsna\dataset_no_npy\combined_xai_multifold\fold_4\convnext_blackbox\faithfulness_metrics.csv
convnext_blackbox,fold_4,gradcam++,0.5360007702638129,0.7174442760351036,artifacts\results\current\v4\rsna\dataset_no_npy\combined_xai_multifold\fold_4\convnext_blackbox\faithfulness_metrics.csv
convnext_blackbox,fold_4,gradient_shap,0.39183177702000827,0.7511020855337652,artifacts\results\current\v4\rsna\dataset_no_npy\combined_xai_multifold\fold_4\convnext_blackbox\faithfulness_metrics.csv
convnext_blackbox,fold_4,guided_backprop,0.42955306099669543,0.7166828236767323,artifacts\results\current\v4\rsna\dataset_no_npy\combined_xai_multifold\fold_4\convnext_blackbox\faithfulness_metrics.csv
convnext_blackbox,fold_4,integrated_gradients,0.3910739603726736,0.747863169677866,artifacts\results\current\v4\rsna\dataset_no_npy\combined_xai_multifold\fold_4\convnext_blackbox\faithfulness_metrics.csv
convnext_blackbox,fold_4,occlusion,0.45274206258756267,0.7875114829254259,artifacts\results\current\v4\rsna\dataset_no_npy\combined_xai_multifold\fold_4\convnext_blackbox\faithfulness_metrics.csv
deit_small,fold_4,attention_rollout,0.45759082132125817,0.7438082869340045,artifacts\results\current\v4\rsna\dataset_no_npy\combined_xai_multifold\fold_4\deit_small\faithfulness_metrics.csv
deit_small,fold_4,gradcam,0.5908938258023312,0.5901321011817684,artifacts\results\current\v4\rsna\dataset_no_npy\combined_xai_multifold\fold_4\deit_small\faithfulness_metrics.csv
deit_small,fold_4,gradcam++,0.5908180321726637,0.6141553297944289,artifacts\results\current\v4\rsna\dataset_no_npy\combined_xai_multifold\fold_4\deit_small\faithfulness_metrics.csv
deit_small,fold_4,gradient_shap,0.4612575069879337,0.7184257957843753,artifacts\results\current\v4\rsna\dataset_no_npy\combined_xai_multifold\fold_4\deit_small\faithfulness_metrics.csv
deit_small,fold_4,guided_backprop,0.46072527991871665,0.7105011599441059,artifacts\results\current\v4\rsna\dataset_no_npy\combined_xai_multifold\fold_4\deit_small\faithfulness_metrics.csv
deit_small,fold_4,integrated_gradients,0.4622694138688967,0.7147663489061719,artifacts\results\current\v4\rsna\dataset_no_npy\combined_xai_multifold\fold_4\deit_small\faithfulness_metrics.csv
deit_small,fold_4,occlusion,0.43753012948902326,0.7429970744942935,artifacts\results\current\v4\rsna\dataset_no_npy\combined_xai_multifold\fold_4\deit_small\faithfulness_metrics.csv
densenet121,fold_4,gradcam,0.45350054152775554,0.7204457044505204,artifacts\results\current\v4\rsna\dataset_no_npy\combined_xai_multifold\fold_4\densenet121\faithfulness_metrics.csv
densenet121,fold_4,gradcam++,0.4713509231676168,0.7117802657245969,artifacts\results\current\v4\rsna\dataset_no_npy\combined_xai_multifold\fold_4\densenet121\faithfulness_metrics.csv
densenet121,fold_4,gradient_shap,0.46136069168507426,0.6850180352951477,artifacts\results\current\v4\rsna\dataset_no_npy\combined_xai_multifold\fold_4\densenet121\faithfulness_metrics.csv
densenet121,fold_4,guided_backprop,0.46108950755046685,0.6609575385346543,artifacts\results\current\v4\rsna\dataset_no_npy\combined_xai_multifold\fold_4\densenet121\faithfulness_metrics.csv
densenet121,fold_4,integrated_gradients,0.46328750045302636,0.6739152376008375,artifacts\results\current\v4\rsna\dataset_no_npy\combined_xai_multifold\fold_4\densenet121\faithfulness_metrics.csv
densenet121,fold_4,occlusion,0.4192589793984468,0.6842698002299294,artifacts\results\current\v4\rsna\dataset_no_npy\combined_xai_multifold\fold_4\densenet121\faithfulness_metrics.csv
efficientnet_b4,fold_4,gradcam,0.44186530745293323,0.7036047128221641,artifacts\results\current\v4\rsna\dataset_no_npy\combined_xai_multifold\fold_4\efficientnet_b4\faithfulness_metrics.csv
efficientnet_b4,fold_4,gradcam++,0.4752106334322985,0.685747345758602,artifacts\results\current\v4\rsna\dataset_no_npy\combined_xai_multifold\fold_4\efficientnet_b4\faithfulness_metrics.csv
efficientnet_b4,fold_4,gradient_shap,0.44489004699730617,0.5094343447832701,artifacts\results\current\v4\rsna\dataset_no_npy\combined_xai_multifold\fold_4\efficientnet_b4\faithfulness_metrics.csv
efficientnet_b4,fold_4,guided_backprop,0.4563183952495456,0.4528891293113119,artifacts\results\current\v4\rsna\dataset_no_npy\combined_xai_multifold\fold_4\efficientnet_b4\faithfulness_metrics.csv
efficientnet_b4,fold_4,integrated_gradients,0.4421090214846966,0.46915608557794863,artifacts\results\current\v4\rsna\dataset_no_npy\combined_xai_multifold\fold_4\efficientnet_b4\faithfulness_metrics.csv
efficientnet_b4,fold_4,occlusion,0.4527564927320927,0.6528248796725336,artifacts\results\current\v4\rsna\dataset_no_npy\combined_xai_multifold\fold_4\efficientnet_b4\faithfulness_metrics.csv
resnet50,fold_4,gradcam,0.45098354122308953,0.7094725487344785,artifacts\results\current\v4\rsna\dataset_no_npy\combined_xai_multifold\fold_4\resnet50\faithfulness_metrics.csv
resnet50,fold_4,gradcam++,0.4544483672224693,0.7119892067797445,artifacts\results\current\v4\rsna\dataset_no_npy\combined_xai_multifold\fold_4\resnet50\faithfulness_metrics.csv
resnet50,fold_4,gradient_shap,0.45216186525067315,0.6695999393492674,artifacts\results\current\v4\rsna\dataset_no_npy\combined_xai_multifold\fold_4\resnet50\faithfulness_metrics.csv
resnet50,fold_4,guided_backprop,0.4695980997611769,0.6554257926050122,artifacts\results\current\v4\rsna\dataset_no_npy\combined_xai_multifold\fold_4\resnet50\faithfulness_metrics.csv
resnet50,fold_4,integrated_gradients,0.4679564390877106,0.6502950959117054,artifacts\results\current\v4\rsna\dataset_no_npy\combined_xai_multifold\fold_4\resnet50\faithfulness_metrics.csv
resnet50,fold_4,occlusion,0.48309111007177363,0.6297495751711469,artifacts\results\current\v4\rsna\dataset_no_npy\combined_xai_multifold\fold_4\resnet50\faithfulness_metrics.csv
vit_small,fold_4,attention_rollout,0.4806419451740997,0.7457133109255228,artifacts\results\current\v4\rsna\dataset_no_npy\combined_xai_multifold\fold_4\vit_small\faithfulness_metrics.csv
vit_small,fold_4,gradcam,0.6199914196658258,0.61372175549448,artifacts\results\current\v4\rsna\dataset_no_npy\combined_xai_multifold\fold_4\vit_small\faithfulness_metrics.csv
vit_small,fold_4,gradcam++,0.5884812133410403,0.6443819684655561,artifacts\results\current\v4\rsna\dataset_no_npy\combined_xai_multifold\fold_4\vit_small\faithfulness_metrics.csv
vit_small,fold_4,gradient_shap,0.4621657872534512,0.7322558613349683,artifacts\results\current\v4\rsna\dataset_no_npy\combined_xai_multifold\fold_4\vit_small\faithfulness_metrics.csv
vit_small,fold_4,guided_backprop,0.4718744986230352,0.7277721309872188,artifacts\results\current\v4\rsna\dataset_no_npy\combined_xai_multifold\fold_4\vit_small\faithfulness_metrics.csv
vit_small,fold_4,integrated_gradients,0.46093687867916494,0.7314030160383942,artifacts\results\current\v4\rsna\dataset_no_npy\combined_xai_multifold\fold_4\vit_small\faithfulness_metrics.csv
vit_small,fold_4,occlusion,0.49396350252154897,0.7486898368310648,artifacts\results\current\v4\rsna\dataset_no_npy\combined_xai_multifold\fold_4\vit_small\faithfulness_metrics.csv
