sample_id,method,randomization_level,ssim
4003253_702807833_8_spinal_canal_stenosis_l1_l2,gradcam,1,-0.048537881365783804
4003253_702807833_8_spinal_canal_stenosis_l1_l2,gradcam,2,-0.042838445440787014
4003253_702807833_8_spinal_canal_stenosis_l1_l2,gradcam,3,0.019342835168662028
4003253_702807833_8_spinal_canal_stenosis_l1_l2,gradcam,4,0.23993643654010074
4003253_702807833_8_spinal_canal_stenosis_l1_l2,gradcam,5,-0.05226066712374399
4003253_702807833_8_spinal_canal_stenosis_l1_l2,integrated_gradients,1,0.8430480582968819
4003253_702807833_8_spinal_canal_stenosis_l1_l2,integrated_gradients,2,0.7268477830168805
4003253_702807833_8_spinal_canal_stenosis_l1_l2,integrated_gradients,3,0.6510911949603921
4003253_702807833_8_spinal_canal_stenosis_l1_l2,integrated_gradients,4,0.5060455267091546
4003253_702807833_8_spinal_canal_stenosis_l1_l2,integrated_gradients,5,0.5545513978856198
4003253_702807833_8_spinal_canal_stenosis_l1_l2,gradient_shap,1,0.7974295764058258
4003253_702807833_8_spinal_canal_stenosis_l1_l2,gradient_shap,2,0.7258880650296985
4003253_702807833_8_spinal_canal_stenosis_l1_l2,gradient_shap,3,0.699177212226362
4003253_702807833_8_spinal_canal_stenosis_l1_l2,gradient_shap,4,0.4994133815013502
4003253_702807833_8_spinal_canal_stenosis_l1_l2,gradient_shap,5,0.5075404471984654
4003253_702807833_8_spinal_canal_stenosis_l1_l2,occlusion,1,0.7513653012438967
4003253_702807833_8_spinal_canal_stenosis_l1_l2,occlusion,2,0.07594723418442137
4003253_702807833_8_spinal_canal_stenosis_l1_l2,occlusion,3,0.03039467290911863
4003253_702807833_8_spinal_canal_stenosis_l1_l2,occlusion,4,0.06577649311921027
4003253_702807833_8_spinal_canal_stenosis_l1_l2,occlusion,5,0.039132128307185564
4003253_702807833_8_spinal_canal_stenosis_l2_l3,gradcam,1,0.09714306177662306
4003253_702807833_8_spinal_canal_stenosis_l2_l3,gradcam,2,0.15973909556775404
4003253_702807833_8_spinal_canal_stenosis_l2_l3,gradcam,3,0.18864500488505787
4003253_702807833_8_spinal_canal_stenosis_l2_l3,gradcam,4,0.2104022054494552
4003253_702807833_8_spinal_canal_stenosis_l2_l3,gradcam,5,0.2605443801324622
4003253_702807833_8_spinal_canal_stenosis_l2_l3,integrated_gradients,1,0.6121477919341219
4003253_702807833_8_spinal_canal_stenosis_l2_l3,integrated_gradients,2,0.6719819833952325
4003253_702807833_8_spinal_canal_stenosis_l2_l3,integrated_gradients,3,0.6346893155147333
4003253_702807833_8_spinal_canal_stenosis_l2_l3,integrated_gradients,4,0.658933343035284
4003253_702807833_8_spinal_canal_stenosis_l2_l3,integrated_gradients,5,0.48589277768551414
4003253_702807833_8_spinal_canal_stenosis_l2_l3,gradient_shap,1,0.7855923780027008
4003253_702807833_8_spinal_canal_stenosis_l2_l3,gradient_shap,2,0.5884697394132878
4003253_702807833_8_spinal_canal_stenosis_l2_l3,gradient_shap,3,0.6343568202553309
4003253_702807833_8_spinal_canal_stenosis_l2_l3,gradient_shap,4,0.6107206631108841
4003253_702807833_8_spinal_canal_stenosis_l2_l3,gradient_shap,5,0.5341010207682103
4003253_702807833_8_spinal_canal_stenosis_l2_l3,occlusion,1,0.7179010780567828
4003253_702807833_8_spinal_canal_stenosis_l2_l3,occlusion,2,0.018397583629111095
4003253_702807833_8_spinal_canal_stenosis_l2_l3,occlusion,3,0.028509212438229164
4003253_702807833_8_spinal_canal_stenosis_l2_l3,occlusion,4,0.044473702036837474
4003253_702807833_8_spinal_canal_stenosis_l2_l3,occlusion,5,0.049893114340258574
4003253_702807833_8_spinal_canal_stenosis_l3_l4,gradcam,1,-0.02596765272267248
4003253_702807833_8_spinal_canal_stenosis_l3_l4,gradcam,2,0.10693400363257832
4003253_702807833_8_spinal_canal_stenosis_l3_l4,gradcam,3,0.2124223065678094
4003253_702807833_8_spinal_canal_stenosis_l3_l4,gradcam,4,0.41280372290420636
4003253_702807833_8_spinal_canal_stenosis_l3_l4,gradcam,5,0.05146706222384937
4003253_702807833_8_spinal_canal_stenosis_l3_l4,integrated_gradients,1,0.7885549264118312
4003253_702807833_8_spinal_canal_stenosis_l3_l4,integrated_gradients,2,0.6510665119100592
4003253_702807833_8_spinal_canal_stenosis_l3_l4,integrated_gradients,3,0.6343092807884799
4003253_702807833_8_spinal_canal_stenosis_l3_l4,integrated_gradients,4,0.6322262169556285
4003253_702807833_8_spinal_canal_stenosis_l3_l4,integrated_gradients,5,0.4985204893674684
4003253_702807833_8_spinal_canal_stenosis_l3_l4,gradient_shap,1,0.7436043795369832
4003253_702807833_8_spinal_canal_stenosis_l3_l4,gradient_shap,2,0.7074814271016316
4003253_702807833_8_spinal_canal_stenosis_l3_l4,gradient_shap,3,0.6762822629679632
4003253_702807833_8_spinal_canal_stenosis_l3_l4,gradient_shap,4,0.5989346064595336
4003253_702807833_8_spinal_canal_stenosis_l3_l4,gradient_shap,5,0.4468492042922977
4003253_702807833_8_spinal_canal_stenosis_l3_l4,occlusion,1,0.7004803306272678
4003253_702807833_8_spinal_canal_stenosis_l3_l4,occlusion,2,0.04416257289945348
4003253_702807833_8_spinal_canal_stenosis_l3_l4,occlusion,3,0.03851204287590601
4003253_702807833_8_spinal_canal_stenosis_l3_l4,occlusion,4,0.04459325931255108
4003253_702807833_8_spinal_canal_stenosis_l3_l4,occlusion,5,0.04838561133656293
4003253_702807833_8_spinal_canal_stenosis_l4_l5,gradcam,1,0.039500897775457657
4003253_702807833_8_spinal_canal_stenosis_l4_l5,gradcam,2,0.15984277573467826
4003253_702807833_8_spinal_canal_stenosis_l4_l5,gradcam,3,0.15223158633368122
4003253_702807833_8_spinal_canal_stenosis_l4_l5,gradcam,4,0.24325734664447443
4003253_702807833_8_spinal_canal_stenosis_l4_l5,gradcam,5,0.01941152034692844
4003253_702807833_8_spinal_canal_stenosis_l4_l5,integrated_gradients,1,0.7461566702339971
4003253_702807833_8_spinal_canal_stenosis_l4_l5,integrated_gradients,2,0.8059444571535261
4003253_702807833_8_spinal_canal_stenosis_l4_l5,integrated_gradients,3,0.6766649950180796
4003253_702807833_8_spinal_canal_stenosis_l4_l5,integrated_gradients,4,0.45823495847498336
4003253_702807833_8_spinal_canal_stenosis_l4_l5,integrated_gradients,5,0.5449639691173961
4003253_702807833_8_spinal_canal_stenosis_l4_l5,gradient_shap,1,0.8004923450249177
4003253_702807833_8_spinal_canal_stenosis_l4_l5,gradient_shap,2,0.5874955973041949
4003253_702807833_8_spinal_canal_stenosis_l4_l5,gradient_shap,3,0.6175879915849657
4003253_702807833_8_spinal_canal_stenosis_l4_l5,gradient_shap,4,0.4285294179590728
4003253_702807833_8_spinal_canal_stenosis_l4_l5,gradient_shap,5,0.6052266882168559
4003253_702807833_8_spinal_canal_stenosis_l4_l5,occlusion,1,0.752787811685046
4003253_702807833_8_spinal_canal_stenosis_l4_l5,occlusion,2,0.08089230126998687
4003253_702807833_8_spinal_canal_stenosis_l4_l5,occlusion,3,0.03144698404568286
4003253_702807833_8_spinal_canal_stenosis_l4_l5,occlusion,4,0.04142314888545964
4003253_702807833_8_spinal_canal_stenosis_l4_l5,occlusion,5,0.06721653939075746
4003253_702807833_8_spinal_canal_stenosis_l5_s1,gradcam,1,0.151357441218152
4003253_702807833_8_spinal_canal_stenosis_l5_s1,gradcam,2,0.14045351585881458
4003253_702807833_8_spinal_canal_stenosis_l5_s1,gradcam,3,0.13622116062050177
4003253_702807833_8_spinal_canal_stenosis_l5_s1,gradcam,4,0.10919569505303035
4003253_702807833_8_spinal_canal_stenosis_l5_s1,gradcam,5,0.22758793007607994
4003253_702807833_8_spinal_canal_stenosis_l5_s1,integrated_gradients,1,0.7309174019522443
4003253_702807833_8_spinal_canal_stenosis_l5_s1,integrated_gradients,2,0.6883025592957337
4003253_702807833_8_spinal_canal_stenosis_l5_s1,integrated_gradients,3,0.5503130112619206
4003253_702807833_8_spinal_canal_stenosis_l5_s1,integrated_gradients,4,0.5549785587291933
4003253_702807833_8_spinal_canal_stenosis_l5_s1,integrated_gradients,5,0.38264720464352187
4003253_702807833_8_spinal_canal_stenosis_l5_s1,gradient_shap,1,0.7167913577604419
4003253_702807833_8_spinal_canal_stenosis_l5_s1,gradient_shap,2,0.5372512821152794
4003253_702807833_8_spinal_canal_stenosis_l5_s1,gradient_shap,3,0.5915937663882115
4003253_702807833_8_spinal_canal_stenosis_l5_s1,gradient_shap,4,0.6067866533307124
4003253_702807833_8_spinal_canal_stenosis_l5_s1,gradient_shap,5,0.49529939041740223
4003253_702807833_8_spinal_canal_stenosis_l5_s1,occlusion,1,0.5602751996108203
4003253_702807833_8_spinal_canal_stenosis_l5_s1,occlusion,2,0.029573900189840175
4003253_702807833_8_spinal_canal_stenosis_l5_s1,occlusion,3,0.018472292719104503
4003253_702807833_8_spinal_canal_stenosis_l5_s1,occlusion,4,0.010084864035310129
4003253_702807833_8_spinal_canal_stenosis_l5_s1,occlusion,5,0.03654363630236531
4003253_1054713880_4_right_neural_foraminal_narrowing_l4_l5,gradcam,1,0.7561884547582934
4003253_1054713880_4_right_neural_foraminal_narrowing_l4_l5,gradcam,2,0.415348649893259
4003253_1054713880_4_right_neural_foraminal_narrowing_l4_l5,gradcam,3,0.1718071282717014
4003253_1054713880_4_right_neural_foraminal_narrowing_l4_l5,gradcam,4,-0.010563160395135983
4003253_1054713880_4_right_neural_foraminal_narrowing_l4_l5,gradcam,5,0.15618484013826325
4003253_1054713880_4_right_neural_foraminal_narrowing_l4_l5,integrated_gradients,1,0.8859156703186233
4003253_1054713880_4_right_neural_foraminal_narrowing_l4_l5,integrated_gradients,2,0.75993881248649
4003253_1054713880_4_right_neural_foraminal_narrowing_l4_l5,integrated_gradients,3,0.6958716392323095
4003253_1054713880_4_right_neural_foraminal_narrowing_l4_l5,integrated_gradients,4,0.5667919172643234
4003253_1054713880_4_right_neural_foraminal_narrowing_l4_l5,integrated_gradients,5,0.5847718354336385
4003253_1054713880_4_right_neural_foraminal_narrowing_l4_l5,gradient_shap,1,0.8244936675279303
4003253_1054713880_4_right_neural_foraminal_narrowing_l4_l5,gradient_shap,2,0.5760031659155948
4003253_1054713880_4_right_neural_foraminal_narrowing_l4_l5,gradient_shap,3,0.7202843247859535
4003253_1054713880_4_right_neural_foraminal_narrowing_l4_l5,gradient_shap,4,0.31893115721076826
4003253_1054713880_4_right_neural_foraminal_narrowing_l4_l5,gradient_shap,5,0.5508297143791486
4003253_1054713880_4_right_neural_foraminal_narrowing_l4_l5,occlusion,1,0.3818531749055201
4003253_1054713880_4_right_neural_foraminal_narrowing_l4_l5,occlusion,2,0.1294038866233936
4003253_1054713880_4_right_neural_foraminal_narrowing_l4_l5,occlusion,3,0.09617340775564379
4003253_1054713880_4_right_neural_foraminal_narrowing_l4_l5,occlusion,4,0.049059628578566404
4003253_1054713880_4_right_neural_foraminal_narrowing_l4_l5,occlusion,5,0.06608733169369883
4003253_1054713880_4_right_neural_foraminal_narrowing_l5_s1,gradcam,1,0.007882579107205431
4003253_1054713880_4_right_neural_foraminal_narrowing_l5_s1,gradcam,2,0.3373381610602094
4003253_1054713880_4_right_neural_foraminal_narrowing_l5_s1,gradcam,3,0.4704667673132023
4003253_1054713880_4_right_neural_foraminal_narrowing_l5_s1,gradcam,4,0.07271041901737163
4003253_1054713880_4_right_neural_foraminal_narrowing_l5_s1,gradcam,5,0.4517840548953624
4003253_1054713880_4_right_neural_foraminal_narrowing_l5_s1,integrated_gradients,1,0.903059672543417
4003253_1054713880_4_right_neural_foraminal_narrowing_l5_s1,integrated_gradients,2,0.7360062487825441
4003253_1054713880_4_right_neural_foraminal_narrowing_l5_s1,integrated_gradients,3,0.7399247366916929
4003253_1054713880_4_right_neural_foraminal_narrowing_l5_s1,integrated_gradients,4,0.20739071338102136
4003253_1054713880_4_right_neural_foraminal_narrowing_l5_s1,integrated_gradients,5,0.7769899803452401
4003253_1054713880_4_right_neural_foraminal_narrowing_l5_s1,gradient_shap,1,0.7012916269547649
4003253_1054713880_4_right_neural_foraminal_narrowing_l5_s1,gradient_shap,2,0.6205590581655649
4003253_1054713880_4_right_neural_foraminal_narrowing_l5_s1,gradient_shap,3,0.5616737891280444
4003253_1054713880_4_right_neural_foraminal_narrowing_l5_s1,gradient_shap,4,0.3948070201255478
4003253_1054713880_4_right_neural_foraminal_narrowing_l5_s1,gradient_shap,5,0.7872077875110455
4003253_1054713880_4_right_neural_foraminal_narrowing_l5_s1,occlusion,1,0.7441280924069544
4003253_1054713880_4_right_neural_foraminal_narrowing_l5_s1,occlusion,2,0.1761026790941796
4003253_1054713880_4_right_neural_foraminal_narrowing_l5_s1,occlusion,3,0.10301278743370773
4003253_1054713880_4_right_neural_foraminal_narrowing_l5_s1,occlusion,4,0.11356438527746797
4003253_1054713880_4_right_neural_foraminal_narrowing_l5_s1,occlusion,5,0.16223892403124635
4003253_1054713880_5_right_neural_foraminal_narrowing_l3_l4,gradcam,1,0.535405280468055
4003253_1054713880_5_right_neural_foraminal_narrowing_l3_l4,gradcam,2,-0.002834056193407518
4003253_1054713880_5_right_neural_foraminal_narrowing_l3_l4,gradcam,3,0.020560732867296524
4003253_1054713880_5_right_neural_foraminal_narrowing_l3_l4,gradcam,4,0.5646244603651374
4003253_1054713880_5_right_neural_foraminal_narrowing_l3_l4,gradcam,5,0.6421052331416244
4003253_1054713880_5_right_neural_foraminal_narrowing_l3_l4,integrated_gradients,1,0.8848160096667516
4003253_1054713880_5_right_neural_foraminal_narrowing_l3_l4,integrated_gradients,2,0.6180375840202582
4003253_1054713880_5_right_neural_foraminal_narrowing_l3_l4,integrated_gradients,3,0.6454125484007293
4003253_1054713880_5_right_neural_foraminal_narrowing_l3_l4,integrated_gradients,4,0.30763874423890936
4003253_1054713880_5_right_neural_foraminal_narrowing_l3_l4,integrated_gradients,5,0.6669907472518704
4003253_1054713880_5_right_neural_foraminal_narrowing_l3_l4,gradient_shap,1,0.9414152521999077
4003253_1054713880_5_right_neural_foraminal_narrowing_l3_l4,gradient_shap,2,0.6471622328136956
4003253_1054713880_5_right_neural_foraminal_narrowing_l3_l4,gradient_shap,3,0.5370516262307251
4003253_1054713880_5_right_neural_foraminal_narrowing_l3_l4,gradient_shap,4,0.7185041295467072
4003253_1054713880_5_right_neural_foraminal_narrowing_l3_l4,gradient_shap,5,0.7230556554615927
4003253_1054713880_5_right_neural_foraminal_narrowing_l3_l4,occlusion,1,0.5415863357929025
4003253_1054713880_5_right_neural_foraminal_narrowing_l3_l4,occlusion,2,0.08040255256966512
4003253_1054713880_5_right_neural_foraminal_narrowing_l3_l4,occlusion,3,0.039662409476855155
4003253_1054713880_5_right_neural_foraminal_narrowing_l3_l4,occlusion,4,0.12038769559282306
4003253_1054713880_5_right_neural_foraminal_narrowing_l3_l4,occlusion,5,0.13987728943621003
4003253_1054713880_6_right_neural_foraminal_narrowing_l1_l2,gradcam,1,-0.005817693144850688
4003253_1054713880_6_right_neural_foraminal_narrowing_l1_l2,gradcam,2,0.4927262397385314
4003253_1054713880_6_right_neural_foraminal_narrowing_l1_l2,gradcam,3,0.05234996458478698
4003253_1054713880_6_right_neural_foraminal_narrowing_l1_l2,gradcam,4,0.21081313027579054
4003253_1054713880_6_right_neural_foraminal_narrowing_l1_l2,gradcam,5,0.6653060775590581
4003253_1054713880_6_right_neural_foraminal_narrowing_l1_l2,integrated_gradients,1,0.909105500557312
4003253_1054713880_6_right_neural_foraminal_narrowing_l1_l2,integrated_gradients,2,0.6711053000605248
4003253_1054713880_6_right_neural_foraminal_narrowing_l1_l2,integrated_gradients,3,0.785770539438854
4003253_1054713880_6_right_neural_foraminal_narrowing_l1_l2,integrated_gradients,4,0.5571103888882581
4003253_1054713880_6_right_neural_foraminal_narrowing_l1_l2,integrated_gradients,5,0.568022322603993
4003253_1054713880_6_right_neural_foraminal_narrowing_l1_l2,gradient_shap,1,0.8869057080246977
4003253_1054713880_6_right_neural_foraminal_narrowing_l1_l2,gradient_shap,2,0.6852925657640172
4003253_1054713880_6_right_neural_foraminal_narrowing_l1_l2,gradient_shap,3,0.5624177525901307
4003253_1054713880_6_right_neural_foraminal_narrowing_l1_l2,gradient_shap,4,0.22378473293371884
4003253_1054713880_6_right_neural_foraminal_narrowing_l1_l2,gradient_shap,5,0.6812892782773533
4003253_1054713880_6_right_neural_foraminal_narrowing_l1_l2,occlusion,1,0.7515744258875431
4003253_1054713880_6_right_neural_foraminal_narrowing_l1_l2,occlusion,2,0.11818473160615274
4003253_1054713880_6_right_neural_foraminal_narrowing_l1_l2,occlusion,3,0.0874868127180292
4003253_1054713880_6_right_neural_foraminal_narrowing_l1_l2,occlusion,4,0.10676340788655886
4003253_1054713880_6_right_neural_foraminal_narrowing_l1_l2,occlusion,5,0.15490687609127396
4003253_1054713880_6_right_neural_foraminal_narrowing_l2_l3,gradcam,1,0.7087339688466736
4003253_1054713880_6_right_neural_foraminal_narrowing_l2_l3,gradcam,2,0.07722100170274794
4003253_1054713880_6_right_neural_foraminal_narrowing_l2_l3,gradcam,3,0.5709633651890094
4003253_1054713880_6_right_neural_foraminal_narrowing_l2_l3,gradcam,4,0.5851086748920981
4003253_1054713880_6_right_neural_foraminal_narrowing_l2_l3,gradcam,5,0.6646064166321748
4003253_1054713880_6_right_neural_foraminal_narrowing_l2_l3,integrated_gradients,1,0.8862234785765781
4003253_1054713880_6_right_neural_foraminal_narrowing_l2_l3,integrated_gradients,2,0.5511223910694174
4003253_1054713880_6_right_neural_foraminal_narrowing_l2_l3,integrated_gradients,3,0.753616994737251
4003253_1054713880_6_right_neural_foraminal_narrowing_l2_l3,integrated_gradients,4,0.5096824443155846
4003253_1054713880_6_right_neural_foraminal_narrowing_l2_l3,integrated_gradients,5,0.5274450886577825
4003253_1054713880_6_right_neural_foraminal_narrowing_l2_l3,gradient_shap,1,0.8779509737354338
4003253_1054713880_6_right_neural_foraminal_narrowing_l2_l3,gradient_shap,2,0.6169587946328077
4003253_1054713880_6_right_neural_foraminal_narrowing_l2_l3,gradient_shap,3,0.7694914094494432
4003253_1054713880_6_right_neural_foraminal_narrowing_l2_l3,gradient_shap,4,0.5210996888916896
4003253_1054713880_6_right_neural_foraminal_narrowing_l2_l3,gradient_shap,5,0.5638285628809369
4003253_1054713880_6_right_neural_foraminal_narrowing_l2_l3,occlusion,1,0.7223318731644015
4003253_1054713880_6_right_neural_foraminal_narrowing_l2_l3,occlusion,2,0.06647958585979305
4003253_1054713880_6_right_neural_foraminal_narrowing_l2_l3,occlusion,3,0.04580033683157192
4003253_1054713880_6_right_neural_foraminal_narrowing_l2_l3,occlusion,4,0.03919484505228071
4003253_1054713880_6_right_neural_foraminal_narrowing_l2_l3,occlusion,5,0.1273790480327331
4003253_1054713880_11_left_neural_foraminal_narrowing_l1_l2,gradcam,1,0.15587845647224366
4003253_1054713880_11_left_neural_foraminal_narrowing_l1_l2,gradcam,2,0.4138356854324828
4003253_1054713880_11_left_neural_foraminal_narrowing_l1_l2,gradcam,3,0.3437880703564866
4003253_1054713880_11_left_neural_foraminal_narrowing_l1_l2,gradcam,4,0.11179223645330982
4003253_1054713880_11_left_neural_foraminal_narrowing_l1_l2,gradcam,5,0.40676579140851526
4003253_1054713880_11_left_neural_foraminal_narrowing_l1_l2,integrated_gradients,1,0.8772257176912945
4003253_1054713880_11_left_neural_foraminal_narrowing_l1_l2,integrated_gradients,2,0.725030961026537
4003253_1054713880_11_left_neural_foraminal_narrowing_l1_l2,integrated_gradients,3,0.6646768151357806
4003253_1054713880_11_left_neural_foraminal_narrowing_l1_l2,integrated_gradients,4,0.2834669219991278
4003253_1054713880_11_left_neural_foraminal_narrowing_l1_l2,integrated_gradients,5,0.5911153288630019
4003253_1054713880_11_left_neural_foraminal_narrowing_l1_l2,gradient_shap,1,0.791683212193433
4003253_1054713880_11_left_neural_foraminal_narrowing_l1_l2,gradient_shap,2,0.6953704486306885
4003253_1054713880_11_left_neural_foraminal_narrowing_l1_l2,gradient_shap,3,0.7129467921103209
4003253_1054713880_11_left_neural_foraminal_narrowing_l1_l2,gradient_shap,4,0.32682058317957907
4003253_1054713880_11_left_neural_foraminal_narrowing_l1_l2,gradient_shap,5,0.603441952053008
4003253_1054713880_11_left_neural_foraminal_narrowing_l1_l2,occlusion,1,0.7411491787657032
4003253_1054713880_11_left_neural_foraminal_narrowing_l1_l2,occlusion,2,0.2248066106170884
4003253_1054713880_11_left_neural_foraminal_narrowing_l1_l2,occlusion,3,0.059668920395232104
4003253_1054713880_11_left_neural_foraminal_narrowing_l1_l2,occlusion,4,0.08659964606110768
4003253_1054713880_11_left_neural_foraminal_narrowing_l1_l2,occlusion,5,0.0768006427344083
4003253_1054713880_11_left_neural_foraminal_narrowing_l4_l5,gradcam,1,0.21057472951768644
4003253_1054713880_11_left_neural_foraminal_narrowing_l4_l5,gradcam,2,0.38894848500037216
4003253_1054713880_11_left_neural_foraminal_narrowing_l4_l5,gradcam,3,0.6577804444564114
4003253_1054713880_11_left_neural_foraminal_narrowing_l4_l5,gradcam,4,0.4372100854953595
4003253_1054713880_11_left_neural_foraminal_narrowing_l4_l5,gradcam,5,0.4347148445386426
4003253_1054713880_11_left_neural_foraminal_narrowing_l4_l5,integrated_gradients,1,0.8243653529654117
4003253_1054713880_11_left_neural_foraminal_narrowing_l4_l5,integrated_gradients,2,0.6168876160462377
4003253_1054713880_11_left_neural_foraminal_narrowing_l4_l5,integrated_gradients,3,0.6606006191104171
4003253_1054713880_11_left_neural_foraminal_narrowing_l4_l5,integrated_gradients,4,0.7004057547257034
4003253_1054713880_11_left_neural_foraminal_narrowing_l4_l5,integrated_gradients,5,0.48437842061284375
4003253_1054713880_11_left_neural_foraminal_narrowing_l4_l5,gradient_shap,1,0.8703801325075378
4003253_1054713880_11_left_neural_foraminal_narrowing_l4_l5,gradient_shap,2,0.6505586961104864
4003253_1054713880_11_left_neural_foraminal_narrowing_l4_l5,gradient_shap,3,0.6703153425406226
4003253_1054713880_11_left_neural_foraminal_narrowing_l4_l5,gradient_shap,4,0.49402743033243834
4003253_1054713880_11_left_neural_foraminal_narrowing_l4_l5,gradient_shap,5,0.5020827105019956
4003253_1054713880_11_left_neural_foraminal_narrowing_l4_l5,occlusion,1,0.268326271567353
4003253_1054713880_11_left_neural_foraminal_narrowing_l4_l5,occlusion,2,0.12676041500046634
4003253_1054713880_11_left_neural_foraminal_narrowing_l4_l5,occlusion,3,0.05301618566577252
4003253_1054713880_11_left_neural_foraminal_narrowing_l4_l5,occlusion,4,0.05907487396678912
4003253_1054713880_11_left_neural_foraminal_narrowing_l4_l5,occlusion,5,0.02344458291689866
4003253_1054713880_11_left_neural_foraminal_narrowing_l5_s1,gradcam,1,0.24707873076505177
4003253_1054713880_11_left_neural_foraminal_narrowing_l5_s1,gradcam,2,0.3137604695790873
4003253_1054713880_11_left_neural_foraminal_narrowing_l5_s1,gradcam,3,0.4031756626754869
4003253_1054713880_11_left_neural_foraminal_narrowing_l5_s1,gradcam,4,0.1618362559734798
4003253_1054713880_11_left_neural_foraminal_narrowing_l5_s1,gradcam,5,0.10957415054160623
4003253_1054713880_11_left_neural_foraminal_narrowing_l5_s1,integrated_gradients,1,0.8624332284535644
4003253_1054713880_11_left_neural_foraminal_narrowing_l5_s1,integrated_gradients,2,0.5365060790376114
4003253_1054713880_11_left_neural_foraminal_narrowing_l5_s1,integrated_gradients,3,0.7622588409788995
4003253_1054713880_11_left_neural_foraminal_narrowing_l5_s1,integrated_gradients,4,0.29650341929772805
4003253_1054713880_11_left_neural_foraminal_narrowing_l5_s1,integrated_gradients,5,0.7811990373678568
4003253_1054713880_11_left_neural_foraminal_narrowing_l5_s1,gradient_shap,1,0.8363753122074544
4003253_1054713880_11_left_neural_foraminal_narrowing_l5_s1,gradient_shap,2,0.6625880786777946
4003253_1054713880_11_left_neural_foraminal_narrowing_l5_s1,gradient_shap,3,0.6419165999185865
4003253_1054713880_11_left_neural_foraminal_narrowing_l5_s1,gradient_shap,4,0.39743296599972183
4003253_1054713880_11_left_neural_foraminal_narrowing_l5_s1,gradient_shap,5,0.7310004056624724
4003253_1054713880_11_left_neural_foraminal_narrowing_l5_s1,occlusion,1,0.7318381779569265
4003253_1054713880_11_left_neural_foraminal_narrowing_l5_s1,occlusion,2,0.15358315021753516
4003253_1054713880_11_left_neural_foraminal_narrowing_l5_s1,occlusion,3,0.04374747350102732
4003253_1054713880_11_left_neural_foraminal_narrowing_l5_s1,occlusion,4,0.12231644283209885
4003253_1054713880_11_left_neural_foraminal_narrowing_l5_s1,occlusion,5,0.13562365832459441
4003253_1054713880_12_left_neural_foraminal_narrowing_l2_l3,gradcam,1,0.10488782480773103
4003253_1054713880_12_left_neural_foraminal_narrowing_l2_l3,gradcam,2,0.4945426672790991
4003253_1054713880_12_left_neural_foraminal_narrowing_l2_l3,gradcam,3,0.027707833534222067
4003253_1054713880_12_left_neural_foraminal_narrowing_l2_l3,gradcam,4,0.05640708616295226
4003253_1054713880_12_left_neural_foraminal_narrowing_l2_l3,gradcam,5,0.5749538175747475
4003253_1054713880_12_left_neural_foraminal_narrowing_l2_l3,integrated_gradients,1,0.7758339365759152
4003253_1054713880_12_left_neural_foraminal_narrowing_l2_l3,integrated_gradients,2,0.766108683553543
4003253_1054713880_12_left_neural_foraminal_narrowing_l2_l3,integrated_gradients,3,0.6905595358663976
4003253_1054713880_12_left_neural_foraminal_narrowing_l2_l3,integrated_gradients,4,0.6977423592614954
4003253_1054713880_12_left_neural_foraminal_narrowing_l2_l3,integrated_gradients,5,0.5361169548611213
4003253_1054713880_12_left_neural_foraminal_narrowing_l2_l3,gradient_shap,1,0.804255902034292
4003253_1054713880_12_left_neural_foraminal_narrowing_l2_l3,gradient_shap,2,0.7266211503967159
4003253_1054713880_12_left_neural_foraminal_narrowing_l2_l3,gradient_shap,3,0.582715055537795
4003253_1054713880_12_left_neural_foraminal_narrowing_l2_l3,gradient_shap,4,0.45250183417680573
4003253_1054713880_12_left_neural_foraminal_narrowing_l2_l3,gradient_shap,5,0.5121723904240831
4003253_1054713880_12_left_neural_foraminal_narrowing_l2_l3,occlusion,1,0.40534849913905385
4003253_1054713880_12_left_neural_foraminal_narrowing_l2_l3,occlusion,2,0.09133811559525204
4003253_1054713880_12_left_neural_foraminal_narrowing_l2_l3,occlusion,3,0.05106601871652131
4003253_1054713880_12_left_neural_foraminal_narrowing_l2_l3,occlusion,4,0.042769971734992925
4003253_1054713880_12_left_neural_foraminal_narrowing_l2_l3,occlusion,5,0.15377691046097117
4003253_1054713880_12_left_neural_foraminal_narrowing_l3_l4,gradcam,1,0.5055711335398257
4003253_1054713880_12_left_neural_foraminal_narrowing_l3_l4,gradcam,2,0.6132156079748049
4003253_1054713880_12_left_neural_foraminal_narrowing_l3_l4,gradcam,3,0.5142749085075095
4003253_1054713880_12_left_neural_foraminal_narrowing_l3_l4,gradcam,4,0.5751623685558537
4003253_1054713880_12_left_neural_foraminal_narrowing_l3_l4,gradcam,5,0.3805766548741054
4003253_1054713880_12_left_neural_foraminal_narrowing_l3_l4,integrated_gradients,1,0.8653701249632549
4003253_1054713880_12_left_neural_foraminal_narrowing_l3_l4,integrated_gradients,2,0.6336898059495446
4003253_1054713880_12_left_neural_foraminal_narrowing_l3_l4,integrated_gradients,3,0.7296559087120091
4003253_1054713880_12_left_neural_foraminal_narrowing_l3_l4,integrated_gradients,4,0.6998980303017706
4003253_1054713880_12_left_neural_foraminal_narrowing_l3_l4,integrated_gradients,5,0.6207642146964262
4003253_1054713880_12_left_neural_foraminal_narrowing_l3_l4,gradient_shap,1,0.7683200703113581
4003253_1054713880_12_left_neural_foraminal_narrowing_l3_l4,gradient_shap,2,0.8123164277609894
4003253_1054713880_12_left_neural_foraminal_narrowing_l3_l4,gradient_shap,3,0.6047871864783196
4003253_1054713880_12_left_neural_foraminal_narrowing_l3_l4,gradient_shap,4,0.49901496132532785
4003253_1054713880_12_left_neural_foraminal_narrowing_l3_l4,gradient_shap,5,0.43977259298333454
4003253_1054713880_12_left_neural_foraminal_narrowing_l3_l4,occlusion,1,0.7450214002892382
4003253_1054713880_12_left_neural_foraminal_narrowing_l3_l4,occlusion,2,0.20467079427811924
4003253_1054713880_12_left_neural_foraminal_narrowing_l3_l4,occlusion,3,0.06180439965024544
4003253_1054713880_12_left_neural_foraminal_narrowing_l3_l4,occlusion,4,0.039445146146631915
4003253_1054713880_12_left_neural_foraminal_narrowing_l3_l4,occlusion,5,0.15649651362191183
4003253_2448190387_3_left_subarticular_stenosis_l1_l2,gradcam,1,0.34392755328550423
4003253_2448190387_3_left_subarticular_stenosis_l1_l2,gradcam,2,0.3303001229711056
4003253_2448190387_3_left_subarticular_stenosis_l1_l2,gradcam,3,0.4407700184467974
4003253_2448190387_3_left_subarticular_stenosis_l1_l2,gradcam,4,0.44127404418499955
4003253_2448190387_3_left_subarticular_stenosis_l1_l2,gradcam,5,0.058740540114772255
4003253_2448190387_3_left_subarticular_stenosis_l1_l2,integrated_gradients,1,0.791090880891072
4003253_2448190387_3_left_subarticular_stenosis_l1_l2,integrated_gradients,2,0.7172368946812244
4003253_2448190387_3_left_subarticular_stenosis_l1_l2,integrated_gradients,3,0.6910414099295188
4003253_2448190387_3_left_subarticular_stenosis_l1_l2,integrated_gradients,4,0.6801439746832276
4003253_2448190387_3_left_subarticular_stenosis_l1_l2,integrated_gradients,5,0.55484932412467
4003253_2448190387_3_left_subarticular_stenosis_l1_l2,gradient_shap,1,0.8489861131326937
4003253_2448190387_3_left_subarticular_stenosis_l1_l2,gradient_shap,2,0.7408338930177467
4003253_2448190387_3_left_subarticular_stenosis_l1_l2,gradient_shap,3,0.6824431750055879
4003253_2448190387_3_left_subarticular_stenosis_l1_l2,gradient_shap,4,0.43333116298848723
4003253_2448190387_3_left_subarticular_stenosis_l1_l2,gradient_shap,5,0.6319574308129231
4003253_2448190387_3_left_subarticular_stenosis_l1_l2,occlusion,1,0.49001416970300743
4003253_2448190387_3_left_subarticular_stenosis_l1_l2,occlusion,2,0.051547999270066244
4003253_2448190387_3_left_subarticular_stenosis_l1_l2,occlusion,3,0.12792985384008798
4003253_2448190387_3_left_subarticular_stenosis_l1_l2,occlusion,4,0.04002920719059052
4003253_2448190387_3_left_subarticular_stenosis_l1_l2,occlusion,5,0.09494092403282217
4003253_2448190387_4_right_subarticular_stenosis_l1_l2,gradcam,1,0.05431336852525611
4003253_2448190387_4_right_subarticular_stenosis_l1_l2,gradcam,2,0.04488026036610289
4003253_2448190387_4_right_subarticular_stenosis_l1_l2,gradcam,3,0.5808166121616968
4003253_2448190387_4_right_subarticular_stenosis_l1_l2,gradcam,4,-0.024321087503317188
4003253_2448190387_4_right_subarticular_stenosis_l1_l2,gradcam,5,0.025621315942005788
4003253_2448190387_4_right_subarticular_stenosis_l1_l2,integrated_gradients,1,0.8515569105660173
4003253_2448190387_4_right_subarticular_stenosis_l1_l2,integrated_gradients,2,0.5588504365848221
4003253_2448190387_4_right_subarticular_stenosis_l1_l2,integrated_gradients,3,0.6005770847698562
4003253_2448190387_4_right_subarticular_stenosis_l1_l2,integrated_gradients,4,0.4705442051973532
4003253_2448190387_4_right_subarticular_stenosis_l1_l2,integrated_gradients,5,0.6537388480472657
4003253_2448190387_4_right_subarticular_stenosis_l1_l2,gradient_shap,1,0.8884250896720799
4003253_2448190387_4_right_subarticular_stenosis_l1_l2,gradient_shap,2,0.8000676816685826
4003253_2448190387_4_right_subarticular_stenosis_l1_l2,gradient_shap,3,0.6781434559204974
4003253_2448190387_4_right_subarticular_stenosis_l1_l2,gradient_shap,4,0.42822130162555444
4003253_2448190387_4_right_subarticular_stenosis_l1_l2,gradient_shap,5,0.6244862668471142
4003253_2448190387_4_right_subarticular_stenosis_l1_l2,occlusion,1,0.7110788071447594
4003253_2448190387_4_right_subarticular_stenosis_l1_l2,occlusion,2,0.11245557384825945
4003253_2448190387_4_right_subarticular_stenosis_l1_l2,occlusion,3,0.14328276594431413
4003253_2448190387_4_right_subarticular_stenosis_l1_l2,occlusion,4,0.09432926963533718
4003253_2448190387_4_right_subarticular_stenosis_l1_l2,occlusion,5,0.04187847700327293
4003253_2448190387_11_left_subarticular_stenosis_l2_l3,gradcam,1,0.36125703747893956
4003253_2448190387_11_left_subarticular_stenosis_l2_l3,gradcam,2,0.3577445806778899
4003253_2448190387_11_left_subarticular_stenosis_l2_l3,gradcam,3,0.35668639177348865
4003253_2448190387_11_left_subarticular_stenosis_l2_l3,gradcam,4,0.35018706419628637
4003253_2448190387_11_left_subarticular_stenosis_l2_l3,gradcam,5,0.3020441750926594
4003253_2448190387_11_left_subarticular_stenosis_l2_l3,integrated_gradients,1,0.8039122005039925
4003253_2448190387_11_left_subarticular_stenosis_l2_l3,integrated_gradients,2,0.7084192059441062
4003253_2448190387_11_left_subarticular_stenosis_l2_l3,integrated_gradients,3,0.6572319197865386
4003253_2448190387_11_left_subarticular_stenosis_l2_l3,integrated_gradients,4,0.6769915927893446
4003253_2448190387_11_left_subarticular_stenosis_l2_l3,integrated_gradients,5,0.533546308019365
4003253_2448190387_11_left_subarticular_stenosis_l2_l3,gradient_shap,1,0.7982669894853113
4003253_2448190387_11_left_subarticular_stenosis_l2_l3,gradient_shap,2,0.7531543336481218
4003253_2448190387_11_left_subarticular_stenosis_l2_l3,gradient_shap,3,0.6442538634617011
4003253_2448190387_11_left_subarticular_stenosis_l2_l3,gradient_shap,4,0.5360142395270583
4003253_2448190387_11_left_subarticular_stenosis_l2_l3,gradient_shap,5,0.5834944500091573
4003253_2448190387_11_left_subarticular_stenosis_l2_l3,occlusion,1,0.6753112698638395
4003253_2448190387_11_left_subarticular_stenosis_l2_l3,occlusion,2,0.10673866714379003
4003253_2448190387_11_left_subarticular_stenosis_l2_l3,occlusion,3,0.07369894722451208
4003253_2448190387_11_left_subarticular_stenosis_l2_l3,occlusion,4,0.07024372198681117
4003253_2448190387_11_left_subarticular_stenosis_l2_l3,occlusion,5,0.1386517297773167
4003253_2448190387_11_right_subarticular_stenosis_l2_l3,gradcam,1,0.13080574855146782
4003253_2448190387_11_right_subarticular_stenosis_l2_l3,gradcam,2,0.28432947786132945
4003253_2448190387_11_right_subarticular_stenosis_l2_l3,gradcam,3,0.3240541896104279
4003253_2448190387_11_right_subarticular_stenosis_l2_l3,gradcam,4,0.5513734919340212
4003253_2448190387_11_right_subarticular_stenosis_l2_l3,gradcam,5,0.16295665475548943
4003253_2448190387_11_right_subarticular_stenosis_l2_l3,integrated_gradients,1,0.8225795885002994
4003253_2448190387_11_right_subarticular_stenosis_l2_l3,integrated_gradients,2,0.7155870363947927
4003253_2448190387_11_right_subarticular_stenosis_l2_l3,integrated_gradients,3,0.6629416807643559
4003253_2448190387_11_right_subarticular_stenosis_l2_l3,integrated_gradients,4,0.6526808835397148
4003253_2448190387_11_right_subarticular_stenosis_l2_l3,integrated_gradients,5,0.5694421386895099
4003253_2448190387_11_right_subarticular_stenosis_l2_l3,gradient_shap,1,0.8027970820604741
4003253_2448190387_11_right_subarticular_stenosis_l2_l3,gradient_shap,2,0.5922982694113259
4003253_2448190387_11_right_subarticular_stenosis_l2_l3,gradient_shap,3,0.6249182094073296
4003253_2448190387_11_right_subarticular_stenosis_l2_l3,gradient_shap,4,0.5834169726595341
4003253_2448190387_11_right_subarticular_stenosis_l2_l3,gradient_shap,5,0.5203033878076286
4003253_2448190387_11_right_subarticular_stenosis_l2_l3,occlusion,1,0.5142732003397725
4003253_2448190387_11_right_subarticular_stenosis_l2_l3,occlusion,2,0.05563639953626311
4003253_2448190387_11_right_subarticular_stenosis_l2_l3,occlusion,3,0.1343804949985924
4003253_2448190387_11_right_subarticular_stenosis_l2_l3,occlusion,4,0.1009223923898439
4003253_2448190387_11_right_subarticular_stenosis_l2_l3,occlusion,5,0.11505513810611077
4003253_2448190387_19_left_subarticular_stenosis_l3_l4,gradcam,1,0.4077780797179125
4003253_2448190387_19_left_subarticular_stenosis_l3_l4,gradcam,2,0.0036734042379552062
4003253_2448190387_19_left_subarticular_stenosis_l3_l4,gradcam,3,0.06004800055479705
4003253_2448190387_19_left_subarticular_stenosis_l3_l4,gradcam,4,0.48490385478963866
4003253_2448190387_19_left_subarticular_stenosis_l3_l4,gradcam,5,0.0741318097736527
4003253_2448190387_19_left_subarticular_stenosis_l3_l4,integrated_gradients,1,0.7888270187323144
4003253_2448190387_19_left_subarticular_stenosis_l3_l4,integrated_gradients,2,0.6406667332486854
4003253_2448190387_19_left_subarticular_stenosis_l3_l4,integrated_gradients,3,0.7896858561955972
4003253_2448190387_19_left_subarticular_stenosis_l3_l4,integrated_gradients,4,0.39879077052532874
4003253_2448190387_19_left_subarticular_stenosis_l3_l4,integrated_gradients,5,0.5177572440106554
4003253_2448190387_19_left_subarticular_stenosis_l3_l4,gradient_shap,1,0.8986304670139739
4003253_2448190387_19_left_subarticular_stenosis_l3_l4,gradient_shap,2,0.7451800455359622
4003253_2448190387_19_left_subarticular_stenosis_l3_l4,gradient_shap,3,0.7737859327503962
4003253_2448190387_19_left_subarticular_stenosis_l3_l4,gradient_shap,4,0.5442096498335547
4003253_2448190387_19_left_subarticular_stenosis_l3_l4,gradient_shap,5,0.5772015448679405
4003253_2448190387_19_left_subarticular_stenosis_l3_l4,occlusion,1,0.661513075864184
4003253_2448190387_19_left_subarticular_stenosis_l3_l4,occlusion,2,0.16923652572682474
4003253_2448190387_19_left_subarticular_stenosis_l3_l4,occlusion,3,0.13964147256382978
4003253_2448190387_19_left_subarticular_stenosis_l3_l4,occlusion,4,0.09230584857458052
4003253_2448190387_19_left_subarticular_stenosis_l3_l4,occlusion,5,0.19020298678307473
4003253_2448190387_19_right_subarticular_stenosis_l3_l4,gradcam,1,0.460850196911637
4003253_2448190387_19_right_subarticular_stenosis_l3_l4,gradcam,2,0.4875553692482018
4003253_2448190387_19_right_subarticular_stenosis_l3_l4,gradcam,3,-0.01311907012954784
4003253_2448190387_19_right_subarticular_stenosis_l3_l4,gradcam,4,0.6474425032740774
4003253_2448190387_19_right_subarticular_stenosis_l3_l4,gradcam,5,0.6826036844367004
4003253_2448190387_19_right_subarticular_stenosis_l3_l4,integrated_gradients,1,0.755392292752954
4003253_2448190387_19_right_subarticular_stenosis_l3_l4,integrated_gradients,2,0.6418622750152411
4003253_2448190387_19_right_subarticular_stenosis_l3_l4,integrated_gradients,3,0.6199502218810781
4003253_2448190387_19_right_subarticular_stenosis_l3_l4,integrated_gradients,4,0.3914135940062151
4003253_2448190387_19_right_subarticular_stenosis_l3_l4,integrated_gradients,5,0.4957046349178317
4003253_2448190387_19_right_subarticular_stenosis_l3_l4,gradient_shap,1,0.7283590863750725
4003253_2448190387_19_right_subarticular_stenosis_l3_l4,gradient_shap,2,0.6362869840937285
4003253_2448190387_19_right_subarticular_stenosis_l3_l4,gradient_shap,3,0.6122912665884708
4003253_2448190387_19_right_subarticular_stenosis_l3_l4,gradient_shap,4,0.45243948917666804
4003253_2448190387_19_right_subarticular_stenosis_l3_l4,gradient_shap,5,0.5027342839017946
4003253_2448190387_19_right_subarticular_stenosis_l3_l4,occlusion,1,0.6482867579355815
4003253_2448190387_19_right_subarticular_stenosis_l3_l4,occlusion,2,0.06221358089499565
4003253_2448190387_19_right_subarticular_stenosis_l3_l4,occlusion,3,0.06733006990565385
4003253_2448190387_19_right_subarticular_stenosis_l3_l4,occlusion,4,0.023839292880388475
4003253_2448190387_19_right_subarticular_stenosis_l3_l4,occlusion,5,0.07467851036682813
4003253_2448190387_28_left_subarticular_stenosis_l4_l5,gradcam,1,0.05949425311681938
4003253_2448190387_28_left_subarticular_stenosis_l4_l5,gradcam,2,0.0720710839756105
4003253_2448190387_28_left_subarticular_stenosis_l4_l5,gradcam,3,0.6728218615118082
4003253_2448190387_28_left_subarticular_stenosis_l4_l5,gradcam,4,0.15618222775107993
4003253_2448190387_28_left_subarticular_stenosis_l4_l5,gradcam,5,0.5300954020120051
4003253_2448190387_28_left_subarticular_stenosis_l4_l5,integrated_gradients,1,0.8333215725178481
4003253_2448190387_28_left_subarticular_stenosis_l4_l5,integrated_gradients,2,0.72637553920719
4003253_2448190387_28_left_subarticular_stenosis_l4_l5,integrated_gradients,3,0.6318697544750002
4003253_2448190387_28_left_subarticular_stenosis_l4_l5,integrated_gradients,4,0.41062838715820227
4003253_2448190387_28_left_subarticular_stenosis_l4_l5,integrated_gradients,5,0.5194788064747022
4003253_2448190387_28_left_subarticular_stenosis_l4_l5,gradient_shap,1,0.839926548246881
4003253_2448190387_28_left_subarticular_stenosis_l4_l5,gradient_shap,2,0.7546619178926904
4003253_2448190387_28_left_subarticular_stenosis_l4_l5,gradient_shap,3,0.6463520698811721
4003253_2448190387_28_left_subarticular_stenosis_l4_l5,gradient_shap,4,0.49375329173133303
4003253_2448190387_28_left_subarticular_stenosis_l4_l5,gradient_shap,5,0.5151280856024104
4003253_2448190387_28_left_subarticular_stenosis_l4_l5,occlusion,1,0.6982130595108679
4003253_2448190387_28_left_subarticular_stenosis_l4_l5,occlusion,2,0.14726922702422932
4003253_2448190387_28_left_subarticular_stenosis_l4_l5,occlusion,3,0.033405780326292225
4003253_2448190387_28_left_subarticular_stenosis_l4_l5,occlusion,4,0.025879908832451812
4003253_2448190387_28_left_subarticular_stenosis_l4_l5,occlusion,5,0.08257766592682048
4003253_2448190387_28_right_subarticular_stenosis_l4_l5,gradcam,1,0.55991767218288
4003253_2448190387_28_right_subarticular_stenosis_l4_l5,gradcam,2,0.04694031902289964
4003253_2448190387_28_right_subarticular_stenosis_l4_l5,gradcam,3,0.5105610212648616
4003253_2448190387_28_right_subarticular_stenosis_l4_l5,gradcam,4,0.3090140862185916
4003253_2448190387_28_right_subarticular_stenosis_l4_l5,gradcam,5,0.545247834779455
4003253_2448190387_28_right_subarticular_stenosis_l4_l5,integrated_gradients,1,0.7355145602589188
4003253_2448190387_28_right_subarticular_stenosis_l4_l5,integrated_gradients,2,0.7501692859941546
4003253_2448190387_28_right_subarticular_stenosis_l4_l5,integrated_gradients,3,0.6534529955106513
4003253_2448190387_28_right_subarticular_stenosis_l4_l5,integrated_gradients,4,0.24749926514057294
4003253_2448190387_28_right_subarticular_stenosis_l4_l5,integrated_gradients,5,0.5477201288954755
4003253_2448190387_28_right_subarticular_stenosis_l4_l5,gradient_shap,1,0.8081730503234205
4003253_2448190387_28_right_subarticular_stenosis_l4_l5,gradient_shap,2,0.6138951846239774
4003253_2448190387_28_right_subarticular_stenosis_l4_l5,gradient_shap,3,0.6693800926208148
4003253_2448190387_28_right_subarticular_stenosis_l4_l5,gradient_shap,4,0.3886349075572532
4003253_2448190387_28_right_subarticular_stenosis_l4_l5,gradient_shap,5,0.5502944666476544
4003253_2448190387_28_right_subarticular_stenosis_l4_l5,occlusion,1,0.669193454034199
4003253_2448190387_28_right_subarticular_stenosis_l4_l5,occlusion,2,0.12170993373606195
4003253_2448190387_28_right_subarticular_stenosis_l4_l5,occlusion,3,0.09684946472254666
4003253_2448190387_28_right_subarticular_stenosis_l4_l5,occlusion,4,0.07933653749013103
4003253_2448190387_28_right_subarticular_stenosis_l4_l5,occlusion,5,0.10108503792482486
4003253_2448190387_35_left_subarticular_stenosis_l5_s1,gradcam,1,0.40840622032759394
4003253_2448190387_35_left_subarticular_stenosis_l5_s1,gradcam,2,0.497969050891623
4003253_2448190387_35_left_subarticular_stenosis_l5_s1,gradcam,3,0.0536616278097219
4003253_2448190387_35_left_subarticular_stenosis_l5_s1,gradcam,4,0.48895060124631284
4003253_2448190387_35_left_subarticular_stenosis_l5_s1,gradcam,5,0.2840980117799382
4003253_2448190387_35_left_subarticular_stenosis_l5_s1,integrated_gradients,1,0.7069162736372059
4003253_2448190387_35_left_subarticular_stenosis_l5_s1,integrated_gradients,2,0.7681712393073107
4003253_2448190387_35_left_subarticular_stenosis_l5_s1,integrated_gradients,3,0.7084244894781212
4003253_2448190387_35_left_subarticular_stenosis_l5_s1,integrated_gradients,4,0.5208465866447332
4003253_2448190387_35_left_subarticular_stenosis_l5_s1,integrated_gradients,5,0.587691178580116
4003253_2448190387_35_left_subarticular_stenosis_l5_s1,gradient_shap,1,0.8397242969179327
4003253_2448190387_35_left_subarticular_stenosis_l5_s1,gradient_shap,2,0.5611551585591945
4003253_2448190387_35_left_subarticular_stenosis_l5_s1,gradient_shap,3,0.7552784995191125
4003253_2448190387_35_left_subarticular_stenosis_l5_s1,gradient_shap,4,0.5096434855590938
4003253_2448190387_35_left_subarticular_stenosis_l5_s1,gradient_shap,5,0.5611025417230371
4003253_2448190387_35_left_subarticular_stenosis_l5_s1,occlusion,1,0.6819115367231444
4003253_2448190387_35_left_subarticular_stenosis_l5_s1,occlusion,2,0.08199896675417769
4003253_2448190387_35_left_subarticular_stenosis_l5_s1,occlusion,3,0.05191972315585833
4003253_2448190387_35_left_subarticular_stenosis_l5_s1,occlusion,4,0.07630437579413554
4003253_2448190387_35_left_subarticular_stenosis_l5_s1,occlusion,5,0.09406282853212129
4003253_2448190387_35_right_subarticular_stenosis_l5_s1,gradcam,1,0.1600256687545888
4003253_2448190387_35_right_subarticular_stenosis_l5_s1,gradcam,2,0.20415387137084767
4003253_2448190387_35_right_subarticular_stenosis_l5_s1,gradcam,3,0.3541020865524748
4003253_2448190387_35_right_subarticular_stenosis_l5_s1,gradcam,4,0.4193460269691527
4003253_2448190387_35_right_subarticular_stenosis_l5_s1,gradcam,5,0.13797016897799683
4003253_2448190387_35_right_subarticular_stenosis_l5_s1,integrated_gradients,1,0.7832515300285177
4003253_2448190387_35_right_subarticular_stenosis_l5_s1,integrated_gradients,2,0.648920112400534
4003253_2448190387_35_right_subarticular_stenosis_l5_s1,integrated_gradients,3,0.6705709969472761
4003253_2448190387_35_right_subarticular_stenosis_l5_s1,integrated_gradients,4,0.6767800296894063
4003253_2448190387_35_right_subarticular_stenosis_l5_s1,integrated_gradients,5,0.5115721647412748
4003253_2448190387_35_right_subarticular_stenosis_l5_s1,gradient_shap,1,0.7835286789811544
4003253_2448190387_35_right_subarticular_stenosis_l5_s1,gradient_shap,2,0.7339239159790484
4003253_2448190387_35_right_subarticular_stenosis_l5_s1,gradient_shap,3,0.699530402254692
4003253_2448190387_35_right_subarticular_stenosis_l5_s1,gradient_shap,4,0.48548720858558614
4003253_2448190387_35_right_subarticular_stenosis_l5_s1,gradient_shap,5,0.5510701485853261
4003253_2448190387_35_right_subarticular_stenosis_l5_s1,occlusion,1,0.6585534921606795
4003253_2448190387_35_right_subarticular_stenosis_l5_s1,occlusion,2,0.11861309488588699
4003253_2448190387_35_right_subarticular_stenosis_l5_s1,occlusion,3,0.03839896494950188
4003253_2448190387_35_right_subarticular_stenosis_l5_s1,occlusion,4,0.11645121196375303
4003253_2448190387_35_right_subarticular_stenosis_l5_s1,occlusion,5,0.14358067657490317
4646740_3201256954_15_right_subarticular_stenosis_l1_l2,gradcam,1,0.016116299256315213
4646740_3201256954_15_right_subarticular_stenosis_l1_l2,gradcam,2,0.16980908784553325
4646740_3201256954_15_right_subarticular_stenosis_l1_l2,gradcam,3,0.2821450100905842
4646740_3201256954_15_right_subarticular_stenosis_l1_l2,gradcam,4,0.08028675890123597
4646740_3201256954_15_right_subarticular_stenosis_l1_l2,gradcam,5,0.22793069047419023
4646740_3201256954_15_right_subarticular_stenosis_l1_l2,integrated_gradients,1,0.6699352973498779
4646740_3201256954_15_right_subarticular_stenosis_l1_l2,integrated_gradients,2,0.6859168866730867
4646740_3201256954_15_right_subarticular_stenosis_l1_l2,integrated_gradients,3,0.6610230523512036
4646740_3201256954_15_right_subarticular_stenosis_l1_l2,integrated_gradients,4,0.626876289619295
4646740_3201256954_15_right_subarticular_stenosis_l1_l2,integrated_gradients,5,0.4489493169193409
4646740_3201256954_15_right_subarticular_stenosis_l1_l2,gradient_shap,1,0.716175929017147
4646740_3201256954_15_right_subarticular_stenosis_l1_l2,gradient_shap,2,0.4025131759765965
4646740_3201256954_15_right_subarticular_stenosis_l1_l2,gradient_shap,3,0.6037571211804577
4646740_3201256954_15_right_subarticular_stenosis_l1_l2,gradient_shap,4,0.6160671272721328
4646740_3201256954_15_right_subarticular_stenosis_l1_l2,gradient_shap,5,0.49946561220068775
4646740_3201256954_15_right_subarticular_stenosis_l1_l2,occlusion,1,0.4712579488844694
4646740_3201256954_15_right_subarticular_stenosis_l1_l2,occlusion,2,0.12601050637170672
4646740_3201256954_15_right_subarticular_stenosis_l1_l2,occlusion,3,0.09114684327457631
4646740_3201256954_15_right_subarticular_stenosis_l1_l2,occlusion,4,0.10847216628553402
4646740_3201256954_15_right_subarticular_stenosis_l1_l2,occlusion,5,0.153181917218366
4646740_3201256954_16_left_subarticular_stenosis_l1_l2,gradcam,1,0.5801439222003725
4646740_3201256954_16_left_subarticular_stenosis_l1_l2,gradcam,2,0.19129088139819198
4646740_3201256954_16_left_subarticular_stenosis_l1_l2,gradcam,3,0.07985130682248476
4646740_3201256954_16_left_subarticular_stenosis_l1_l2,gradcam,4,0.2868578931503069
4646740_3201256954_16_left_subarticular_stenosis_l1_l2,gradcam,5,0.6185747640491136
4646740_3201256954_16_left_subarticular_stenosis_l1_l2,integrated_gradients,1,0.7721882370305804
4646740_3201256954_16_left_subarticular_stenosis_l1_l2,integrated_gradients,2,0.6733610064622625
4646740_3201256954_16_left_subarticular_stenosis_l1_l2,integrated_gradients,3,0.6157073977842227
4646740_3201256954_16_left_subarticular_stenosis_l1_l2,integrated_gradients,4,0.5275249684277068
4646740_3201256954_16_left_subarticular_stenosis_l1_l2,integrated_gradients,5,0.42521082065619337
4646740_3201256954_16_left_subarticular_stenosis_l1_l2,gradient_shap,1,0.7077309338582266
4646740_3201256954_16_left_subarticular_stenosis_l1_l2,gradient_shap,2,0.5333740469442347
4646740_3201256954_16_left_subarticular_stenosis_l1_l2,gradient_shap,3,0.5835992001324005
4646740_3201256954_16_left_subarticular_stenosis_l1_l2,gradient_shap,4,0.5813101482164417
4646740_3201256954_16_left_subarticular_stenosis_l1_l2,gradient_shap,5,0.4142926848724954
4646740_3201256954_16_left_subarticular_stenosis_l1_l2,occlusion,1,0.6102185219594881
4646740_3201256954_16_left_subarticular_stenosis_l1_l2,occlusion,2,0.15208677459153236
4646740_3201256954_16_left_subarticular_stenosis_l1_l2,occlusion,3,0.12129035987370008
4646740_3201256954_16_left_subarticular_stenosis_l1_l2,occlusion,4,0.11572889627244977
4646740_3201256954_16_left_subarticular_stenosis_l1_l2,occlusion,5,0.10068147327023269
4646740_3201256954_22_left_subarticular_stenosis_l2_l3,gradcam,1,0.4191856635005918
4646740_3201256954_22_left_subarticular_stenosis_l2_l3,gradcam,2,0.16470697522218747
4646740_3201256954_22_left_subarticular_stenosis_l2_l3,gradcam,3,0.13405296875561087
4646740_3201256954_22_left_subarticular_stenosis_l2_l3,gradcam,4,0.5008497327297183
4646740_3201256954_22_left_subarticular_stenosis_l2_l3,gradcam,5,0.04465488726876513
4646740_3201256954_22_left_subarticular_stenosis_l2_l3,integrated_gradients,1,0.7365682684245325
4646740_3201256954_22_left_subarticular_stenosis_l2_l3,integrated_gradients,2,0.6474794733117553
4646740_3201256954_22_left_subarticular_stenosis_l2_l3,integrated_gradients,3,0.6276076782942122
4646740_3201256954_22_left_subarticular_stenosis_l2_l3,integrated_gradients,4,0.623834778257325
4646740_3201256954_22_left_subarticular_stenosis_l2_l3,integrated_gradients,5,0.4424807241754322
4646740_3201256954_22_left_subarticular_stenosis_l2_l3,gradient_shap,1,0.7228931825480713
4646740_3201256954_22_left_subarticular_stenosis_l2_l3,gradient_shap,2,0.621447665329443
4646740_3201256954_22_left_subarticular_stenosis_l2_l3,gradient_shap,3,0.646611714390443
4646740_3201256954_22_left_subarticular_stenosis_l2_l3,gradient_shap,4,0.4455291546513539
4646740_3201256954_22_left_subarticular_stenosis_l2_l3,gradient_shap,5,0.43950897605857003
4646740_3201256954_22_left_subarticular_stenosis_l2_l3,occlusion,1,0.5829700711083159
4646740_3201256954_22_left_subarticular_stenosis_l2_l3,occlusion,2,0.05639317781020298
4646740_3201256954_22_left_subarticular_stenosis_l2_l3,occlusion,3,0.0416789436393529
4646740_3201256954_22_left_subarticular_stenosis_l2_l3,occlusion,4,0.039727399923487
4646740_3201256954_22_left_subarticular_stenosis_l2_l3,occlusion,5,0.09984319561861071
4646740_3201256954_22_right_subarticular_stenosis_l2_l3,gradcam,1,0.06018923400648125
4646740_3201256954_22_right_subarticular_stenosis_l2_l3,gradcam,2,0.3074942669096105
4646740_3201256954_22_right_subarticular_stenosis_l2_l3,gradcam,3,0.41003099889916755
4646740_3201256954_22_right_subarticular_stenosis_l2_l3,gradcam,4,0.4513863527127744
4646740_3201256954_22_right_subarticular_stenosis_l2_l3,gradcam,5,0.5225703452873104
4646740_3201256954_22_right_subarticular_stenosis_l2_l3,integrated_gradients,1,0.6685146557315678
4646740_3201256954_22_right_subarticular_stenosis_l2_l3,integrated_gradients,2,0.6209366400083863
4646740_3201256954_22_right_subarticular_stenosis_l2_l3,integrated_gradients,3,0.7441941815481316
4646740_3201256954_22_right_subarticular_stenosis_l2_l3,integrated_gradients,4,0.48165908139100616
4646740_3201256954_22_right_subarticular_stenosis_l2_l3,integrated_gradients,5,0.5187166200571199
4646740_3201256954_22_right_subarticular_stenosis_l2_l3,gradient_shap,1,0.8469680765173125
4646740_3201256954_22_right_subarticular_stenosis_l2_l3,gradient_shap,2,0.54302638376756
4646740_3201256954_22_right_subarticular_stenosis_l2_l3,gradient_shap,3,0.5537633812444811
4646740_3201256954_22_right_subarticular_stenosis_l2_l3,gradient_shap,4,0.5842391481826293
4646740_3201256954_22_right_subarticular_stenosis_l2_l3,gradient_shap,5,0.545819785395916
4646740_3201256954_22_right_subarticular_stenosis_l2_l3,occlusion,1,0.38182726138603307
4646740_3201256954_22_right_subarticular_stenosis_l2_l3,occlusion,2,0.0688157919189616
4646740_3201256954_22_right_subarticular_stenosis_l2_l3,occlusion,3,0.05449430407638708
4646740_3201256954_22_right_subarticular_stenosis_l2_l3,occlusion,4,0.0690086505752469
4646740_3201256954_22_right_subarticular_stenosis_l2_l3,occlusion,5,0.19149231303390538
4646740_3201256954_28_right_subarticular_stenosis_l3_l4,gradcam,1,0.4653350524628204
4646740_3201256954_28_right_subarticular_stenosis_l3_l4,gradcam,2,0.4638392051945408
4646740_3201256954_28_right_subarticular_stenosis_l3_l4,gradcam,3,0.08529035895748498
4646740_3201256954_28_right_subarticular_stenosis_l3_l4,gradcam,4,0.3116407787026007
4646740_3201256954_28_right_subarticular_stenosis_l3_l4,gradcam,5,0.17894009314779616
4646740_3201256954_28_right_subarticular_stenosis_l3_l4,integrated_gradients,1,0.7230596265185824
4646740_3201256954_28_right_subarticular_stenosis_l3_l4,integrated_gradients,2,0.6482150803180127
4646740_3201256954_28_right_subarticular_stenosis_l3_l4,integrated_gradients,3,0.6220568755000238
4646740_3201256954_28_right_subarticular_stenosis_l3_l4,integrated_gradients,4,0.5795835996364209
4646740_3201256954_28_right_subarticular_stenosis_l3_l4,integrated_gradients,5,0.4455607578733744
4646740_3201256954_28_right_subarticular_stenosis_l3_l4,gradient_shap,1,0.7300802440204545
4646740_3201256954_28_right_subarticular_stenosis_l3_l4,gradient_shap,2,0.6944925085940791
4646740_3201256954_28_right_subarticular_stenosis_l3_l4,gradient_shap,3,0.6629076797446036
4646740_3201256954_28_right_subarticular_stenosis_l3_l4,gradient_shap,4,0.6699165112091583
4646740_3201256954_28_right_subarticular_stenosis_l3_l4,gradient_shap,5,0.3917126929129273
4646740_3201256954_28_right_subarticular_stenosis_l3_l4,occlusion,1,0.4683289001840051
4646740_3201256954_28_right_subarticular_stenosis_l3_l4,occlusion,2,0.24933103207480659
4646740_3201256954_28_right_subarticular_stenosis_l3_l4,occlusion,3,0.14511605898467114
4646740_3201256954_28_right_subarticular_stenosis_l3_l4,occlusion,4,0.16023697487324562
4646740_3201256954_28_right_subarticular_stenosis_l3_l4,occlusion,5,0.09077192980251222
4646740_3201256954_29_left_subarticular_stenosis_l3_l4,gradcam,1,0.16738694732442935
4646740_3201256954_29_left_subarticular_stenosis_l3_l4,gradcam,2,0.2036646988884616
4646740_3201256954_29_left_subarticular_stenosis_l3_l4,gradcam,3,0.4846934325512857
4646740_3201256954_29_left_subarticular_stenosis_l3_l4,gradcam,4,0.4578752020644242
4646740_3201256954_29_left_subarticular_stenosis_l3_l4,gradcam,5,0.4804253442348323
4646740_3201256954_29_left_subarticular_stenosis_l3_l4,integrated_gradients,1,0.7573966824994643
4646740_3201256954_29_left_subarticular_stenosis_l3_l4,integrated_gradients,2,0.7446047588513298
4646740_3201256954_29_left_subarticular_stenosis_l3_l4,integrated_gradients,3,0.6664628332897944
4646740_3201256954_29_left_subarticular_stenosis_l3_l4,integrated_gradients,4,0.6930835155161553
4646740_3201256954_29_left_subarticular_stenosis_l3_l4,integrated_gradients,5,0.47764710148246403
4646740_3201256954_29_left_subarticular_stenosis_l3_l4,gradient_shap,1,0.755382436823199
4646740_3201256954_29_left_subarticular_stenosis_l3_l4,gradient_shap,2,0.5807249782699498
4646740_3201256954_29_left_subarticular_stenosis_l3_l4,gradient_shap,3,0.4730237203076988
4646740_3201256954_29_left_subarticular_stenosis_l3_l4,gradient_shap,4,0.6992457439728758
4646740_3201256954_29_left_subarticular_stenosis_l3_l4,gradient_shap,5,0.5257413941826713
4646740_3201256954_29_left_subarticular_stenosis_l3_l4,occlusion,1,0.30721899625108645
4646740_3201256954_29_left_subarticular_stenosis_l3_l4,occlusion,2,0.12555051721231889
4646740_3201256954_29_left_subarticular_stenosis_l3_l4,occlusion,3,0.10419430279032053
4646740_3201256954_29_left_subarticular_stenosis_l3_l4,occlusion,4,0.07164288832825413
4646740_3201256954_29_left_subarticular_stenosis_l3_l4,occlusion,5,0.09444482907239135
4646740_3201256954_34_left_subarticular_stenosis_l4_l5,gradcam,1,0.34706947424249196
4646740_3201256954_34_left_subarticular_stenosis_l4_l5,gradcam,2,0.3807652347288075
4646740_3201256954_34_left_subarticular_stenosis_l4_l5,gradcam,3,0.09669235821307555
4646740_3201256954_34_left_subarticular_stenosis_l4_l5,gradcam,4,0.4552221661646232
4646740_3201256954_34_left_subarticular_stenosis_l4_l5,gradcam,5,0.07511472192545471
4646740_3201256954_34_left_subarticular_stenosis_l4_l5,integrated_gradients,1,0.6925952224496145
4646740_3201256954_34_left_subarticular_stenosis_l4_l5,integrated_gradients,2,0.6824781900931819
4646740_3201256954_34_left_subarticular_stenosis_l4_l5,integrated_gradients,3,0.6294537928450642
4646740_3201256954_34_left_subarticular_stenosis_l4_l5,integrated_gradients,4,0.6634714569348312
4646740_3201256954_34_left_subarticular_stenosis_l4_l5,integrated_gradients,5,0.5154890581518674
4646740_3201256954_34_left_subarticular_stenosis_l4_l5,gradient_shap,1,0.7761005128634375
4646740_3201256954_34_left_subarticular_stenosis_l4_l5,gradient_shap,2,0.698662091516202
4646740_3201256954_34_left_subarticular_stenosis_l4_l5,gradient_shap,3,0.6778241121053329
4646740_3201256954_34_left_subarticular_stenosis_l4_l5,gradient_shap,4,0.5264738807428324
4646740_3201256954_34_left_subarticular_stenosis_l4_l5,gradient_shap,5,0.48074457342107885
4646740_3201256954_34_left_subarticular_stenosis_l4_l5,occlusion,1,0.5099072982798112
4646740_3201256954_34_left_subarticular_stenosis_l4_l5,occlusion,2,0.06718852395272662
4646740_3201256954_34_left_subarticular_stenosis_l4_l5,occlusion,3,0.12052741474760433
4646740_3201256954_34_left_subarticular_stenosis_l4_l5,occlusion,4,0.0530502799658592
4646740_3201256954_34_left_subarticular_stenosis_l4_l5,occlusion,5,0.07715093346101601
4646740_3201256954_34_right_subarticular_stenosis_l4_l5,gradcam,1,0.05517327971593525
4646740_3201256954_34_right_subarticular_stenosis_l4_l5,gradcam,2,0.10681156414726034
4646740_3201256954_34_right_subarticular_stenosis_l4_l5,gradcam,3,0.21881464297375575
4646740_3201256954_34_right_subarticular_stenosis_l4_l5,gradcam,4,0.25981819520329497
4646740_3201256954_34_right_subarticular_stenosis_l4_l5,gradcam,5,0.05669156377949973
4646740_3201256954_34_right_subarticular_stenosis_l4_l5,integrated_gradients,1,0.6516021310752039
4646740_3201256954_34_right_subarticular_stenosis_l4_l5,integrated_gradients,2,0.4886513983570101
4646740_3201256954_34_right_subarticular_stenosis_l4_l5,integrated_gradients,3,0.4895003575564883
4646740_3201256954_34_right_subarticular_stenosis_l4_l5,integrated_gradients,4,0.502131597627004
4646740_3201256954_34_right_subarticular_stenosis_l4_l5,integrated_gradients,5,0.26354252078592993
4646740_3201256954_34_right_subarticular_stenosis_l4_l5,gradient_shap,1,0.5963078077440682
4646740_3201256954_34_right_subarticular_stenosis_l4_l5,gradient_shap,2,0.4969470608944364
4646740_3201256954_34_right_subarticular_stenosis_l4_l5,gradient_shap,3,0.4058451995029093
4646740_3201256954_34_right_subarticular_stenosis_l4_l5,gradient_shap,4,0.42303431548378606
4646740_3201256954_34_right_subarticular_stenosis_l4_l5,gradient_shap,5,0.28477112808871763
4646740_3201256954_34_right_subarticular_stenosis_l4_l5,occlusion,1,0.4319563158832742
4646740_3201256954_34_right_subarticular_stenosis_l4_l5,occlusion,2,0.13945433278462915
4646740_3201256954_34_right_subarticular_stenosis_l4_l5,occlusion,3,0.11435308922793126
4646740_3201256954_34_right_subarticular_stenosis_l4_l5,occlusion,4,0.12906593817118864
4646740_3201256954_34_right_subarticular_stenosis_l4_l5,occlusion,5,0.17701284793880742
4646740_3201256954_40_left_subarticular_stenosis_l5_s1,gradcam,1,0.24077292241934398
4646740_3201256954_40_left_subarticular_stenosis_l5_s1,gradcam,2,0.3090941627158117
4646740_3201256954_40_left_subarticular_stenosis_l5_s1,gradcam,3,0.22148168906013505
4646740_3201256954_40_left_subarticular_stenosis_l5_s1,gradcam,4,0.20310383560643902
4646740_3201256954_40_left_subarticular_stenosis_l5_s1,gradcam,5,0.3554109550984606
4646740_3201256954_40_left_subarticular_stenosis_l5_s1,integrated_gradients,1,0.8064872211122656
4646740_3201256954_40_left_subarticular_stenosis_l5_s1,integrated_gradients,2,0.7000858007122658
4646740_3201256954_40_left_subarticular_stenosis_l5_s1,integrated_gradients,3,0.6727117063517755
4646740_3201256954_40_left_subarticular_stenosis_l5_s1,integrated_gradients,4,0.6963853636331298
4646740_3201256954_40_left_subarticular_stenosis_l5_s1,integrated_gradients,5,0.5273244264165519
4646740_3201256954_40_left_subarticular_stenosis_l5_s1,gradient_shap,1,0.764578996702925
4646740_3201256954_40_left_subarticular_stenosis_l5_s1,gradient_shap,2,0.6777575614548303
4646740_3201256954_40_left_subarticular_stenosis_l5_s1,gradient_shap,3,0.7151414292900985
4646740_3201256954_40_left_subarticular_stenosis_l5_s1,gradient_shap,4,0.6487994580816945
4646740_3201256954_40_left_subarticular_stenosis_l5_s1,gradient_shap,5,0.5548272840527214
4646740_3201256954_40_left_subarticular_stenosis_l5_s1,occlusion,1,0.5159739312970354
4646740_3201256954_40_left_subarticular_stenosis_l5_s1,occlusion,2,0.1612528928465681
4646740_3201256954_40_left_subarticular_stenosis_l5_s1,occlusion,3,0.08113863819546746
4646740_3201256954_40_left_subarticular_stenosis_l5_s1,occlusion,4,0.12926845026185782
4646740_3201256954_40_left_subarticular_stenosis_l5_s1,occlusion,5,0.20786453088995846
4646740_3201256954_40_right_subarticular_stenosis_l5_s1,gradcam,1,0.06949345745421025
4646740_3201256954_40_right_subarticular_stenosis_l5_s1,gradcam,2,0.26960592244433756
4646740_3201256954_40_right_subarticular_stenosis_l5_s1,gradcam,3,0.19976203180962784
4646740_3201256954_40_right_subarticular_stenosis_l5_s1,gradcam,4,0.09405873364713324
4646740_3201256954_40_right_subarticular_stenosis_l5_s1,gradcam,5,0.21042692800800694
4646740_3201256954_40_right_subarticular_stenosis_l5_s1,integrated_gradients,1,0.745606012737984
4646740_3201256954_40_right_subarticular_stenosis_l5_s1,integrated_gradients,2,0.6108165678979041
4646740_3201256954_40_right_subarticular_stenosis_l5_s1,integrated_gradients,3,0.6246661338891656
4646740_3201256954_40_right_subarticular_stenosis_l5_s1,integrated_gradients,4,0.606097027358378
4646740_3201256954_40_right_subarticular_stenosis_l5_s1,integrated_gradients,5,0.47392123522668345
4646740_3201256954_40_right_subarticular_stenosis_l5_s1,gradient_shap,1,0.7746647890632006
4646740_3201256954_40_right_subarticular_stenosis_l5_s1,gradient_shap,2,0.6994443358437331
4646740_3201256954_40_right_subarticular_stenosis_l5_s1,gradient_shap,3,0.6509433616582619
4646740_3201256954_40_right_subarticular_stenosis_l5_s1,gradient_shap,4,0.5821791905347878
4646740_3201256954_40_right_subarticular_stenosis_l5_s1,gradient_shap,5,0.5271288595991459
4646740_3201256954_40_right_subarticular_stenosis_l5_s1,occlusion,1,0.595583231531329
4646740_3201256954_40_right_subarticular_stenosis_l5_s1,occlusion,2,0.2346328486323467
4646740_3201256954_40_right_subarticular_stenosis_l5_s1,occlusion,3,0.13153309036801022
4646740_3201256954_40_right_subarticular_stenosis_l5_s1,occlusion,4,0.11831184350696218
4646740_3201256954_40_right_subarticular_stenosis_l5_s1,occlusion,5,0.10435337232537102
4646740_3486248476_5_left_neural_foraminal_narrowing_l2_l3,gradcam,1,0.1866055338629248
4646740_3486248476_5_left_neural_foraminal_narrowing_l2_l3,gradcam,2,0.12167698066781178
4646740_3486248476_5_left_neural_foraminal_narrowing_l2_l3,gradcam,3,0.2729333232267533
4646740_3486248476_5_left_neural_foraminal_narrowing_l2_l3,gradcam,4,0.197557677435392
4646740_3486248476_5_left_neural_foraminal_narrowing_l2_l3,gradcam,5,0.21526581939335543
4646740_3486248476_5_left_neural_foraminal_narrowing_l2_l3,integrated_gradients,1,0.8667268459860147
4646740_3486248476_5_left_neural_foraminal_narrowing_l2_l3,integrated_gradients,2,0.47408558966195297
4646740_3486248476_5_left_neural_foraminal_narrowing_l2_l3,integrated_gradients,3,0.7878742453943789
4646740_3486248476_5_left_neural_foraminal_narrowing_l2_l3,integrated_gradients,4,0.7952335170903246
4646740_3486248476_5_left_neural_foraminal_narrowing_l2_l3,integrated_gradients,5,0.630421799174087
4646740_3486248476_5_left_neural_foraminal_narrowing_l2_l3,gradient_shap,1,0.9284519528056594
4646740_3486248476_5_left_neural_foraminal_narrowing_l2_l3,gradient_shap,2,0.7869433129077907
4646740_3486248476_5_left_neural_foraminal_narrowing_l2_l3,gradient_shap,3,0.674330357334254
4646740_3486248476_5_left_neural_foraminal_narrowing_l2_l3,gradient_shap,4,0.6058836397827203
4646740_3486248476_5_left_neural_foraminal_narrowing_l2_l3,gradient_shap,5,0.617859934448871
4646740_3486248476_5_left_neural_foraminal_narrowing_l2_l3,occlusion,1,0.7966640365314653
4646740_3486248476_5_left_neural_foraminal_narrowing_l2_l3,occlusion,2,0.08715134252692225
4646740_3486248476_5_left_neural_foraminal_narrowing_l2_l3,occlusion,3,0.087364351993063
4646740_3486248476_5_left_neural_foraminal_narrowing_l2_l3,occlusion,4,0.052043087324084004
4646740_3486248476_5_left_neural_foraminal_narrowing_l2_l3,occlusion,5,0.16375890143562527
4646740_3486248476_5_left_neural_foraminal_narrowing_l3_l4,gradcam,1,0.22543658826701848
4646740_3486248476_5_left_neural_foraminal_narrowing_l3_l4,gradcam,2,0.31534140435782215
4646740_3486248476_5_left_neural_foraminal_narrowing_l3_l4,gradcam,3,0.23532511390747649
4646740_3486248476_5_left_neural_foraminal_narrowing_l3_l4,gradcam,4,0.30175476225297543
4646740_3486248476_5_left_neural_foraminal_narrowing_l3_l4,gradcam,5,0.3027699795384638
4646740_3486248476_5_left_neural_foraminal_narrowing_l3_l4,integrated_gradients,1,0.8703354958278319
4646740_3486248476_5_left_neural_foraminal_narrowing_l3_l4,integrated_gradients,2,0.6663706109888801
4646740_3486248476_5_left_neural_foraminal_narrowing_l3_l4,integrated_gradients,3,0.7830060364784434
4646740_3486248476_5_left_neural_foraminal_narrowing_l3_l4,integrated_gradients,4,0.524789509253678
4646740_3486248476_5_left_neural_foraminal_narrowing_l3_l4,integrated_gradients,5,0.6296704772202965
4646740_3486248476_5_left_neural_foraminal_narrowing_l3_l4,gradient_shap,1,0.8203158278384672
4646740_3486248476_5_left_neural_foraminal_narrowing_l3_l4,gradient_shap,2,0.6784684253306974
4646740_3486248476_5_left_neural_foraminal_narrowing_l3_l4,gradient_shap,3,0.6916008387876895
4646740_3486248476_5_left_neural_foraminal_narrowing_l3_l4,gradient_shap,4,0.517975104055227
4646740_3486248476_5_left_neural_foraminal_narrowing_l3_l4,gradient_shap,5,0.6531338729143052
4646740_3486248476_5_left_neural_foraminal_narrowing_l3_l4,occlusion,1,0.7376306572062027
4646740_3486248476_5_left_neural_foraminal_narrowing_l3_l4,occlusion,2,0.1233180669359314
4646740_3486248476_5_left_neural_foraminal_narrowing_l3_l4,occlusion,3,0.09387803462865921
4646740_3486248476_5_left_neural_foraminal_narrowing_l3_l4,occlusion,4,0.07421178833612922
4646740_3486248476_5_left_neural_foraminal_narrowing_l3_l4,occlusion,5,0.13446908999932944
4646740_3486248476_5_left_neural_foraminal_narrowing_l4_l5,gradcam,1,0.32635797600172695
4646740_3486248476_5_left_neural_foraminal_narrowing_l4_l5,gradcam,2,0.2693276172185563
4646740_3486248476_5_left_neural_foraminal_narrowing_l4_l5,gradcam,3,0.02389187571752288
4646740_3486248476_5_left_neural_foraminal_narrowing_l4_l5,gradcam,4,0.19143557641402395
4646740_3486248476_5_left_neural_foraminal_narrowing_l4_l5,gradcam,5,0.16683436413059433
4646740_3486248476_5_left_neural_foraminal_narrowing_l4_l5,integrated_gradients,1,0.8590709809823732
4646740_3486248476_5_left_neural_foraminal_narrowing_l4_l5,integrated_gradients,2,0.7424763752182589
4646740_3486248476_5_left_neural_foraminal_narrowing_l4_l5,integrated_gradients,3,0.6293732033074225
4646740_3486248476_5_left_neural_foraminal_narrowing_l4_l5,integrated_gradients,4,0.728371616741566
4646740_3486248476_5_left_neural_foraminal_narrowing_l4_l5,integrated_gradients,5,0.7119264971249144
4646740_3486248476_5_left_neural_foraminal_narrowing_l4_l5,gradient_shap,1,0.7028551552883228
4646740_3486248476_5_left_neural_foraminal_narrowing_l4_l5,gradient_shap,2,0.7806373570352374
4646740_3486248476_5_left_neural_foraminal_narrowing_l4_l5,gradient_shap,3,0.5871471560207934
4646740_3486248476_5_left_neural_foraminal_narrowing_l4_l5,gradient_shap,4,0.6982303027673963
4646740_3486248476_5_left_neural_foraminal_narrowing_l4_l5,gradient_shap,5,0.6677022539567219
4646740_3486248476_5_left_neural_foraminal_narrowing_l4_l5,occlusion,1,0.7940272378360395
4646740_3486248476_5_left_neural_foraminal_narrowing_l4_l5,occlusion,2,0.04920447776319349
4646740_3486248476_5_left_neural_foraminal_narrowing_l4_l5,occlusion,3,0.02061805559452913
4646740_3486248476_5_left_neural_foraminal_narrowing_l4_l5,occlusion,4,0.04051893318813249
4646740_3486248476_5_left_neural_foraminal_narrowing_l4_l5,occlusion,5,0.06138654423890563
4646740_3486248476_6_left_neural_foraminal_narrowing_l1_l2,gradcam,1,0.3708186771424711
4646740_3486248476_6_left_neural_foraminal_narrowing_l1_l2,gradcam,2,0.2615565784140903
4646740_3486248476_6_left_neural_foraminal_narrowing_l1_l2,gradcam,3,0.23579137323437158
4646740_3486248476_6_left_neural_foraminal_narrowing_l1_l2,gradcam,4,0.2857308906025927
4646740_3486248476_6_left_neural_foraminal_narrowing_l1_l2,gradcam,5,0.09628353407848783
4646740_3486248476_6_left_neural_foraminal_narrowing_l1_l2,integrated_gradients,1,0.7254366954137785
4646740_3486248476_6_left_neural_foraminal_narrowing_l1_l2,integrated_gradients,2,0.7845564723601974
4646740_3486248476_6_left_neural_foraminal_narrowing_l1_l2,integrated_gradients,3,0.6700409415290193
4646740_3486248476_6_left_neural_foraminal_narrowing_l1_l2,integrated_gradients,4,0.5449421903155411
4646740_3486248476_6_left_neural_foraminal_narrowing_l1_l2,integrated_gradients,5,0.6013758406467733
4646740_3486248476_6_left_neural_foraminal_narrowing_l1_l2,gradient_shap,1,0.8539334922875143
4646740_3486248476_6_left_neural_foraminal_narrowing_l1_l2,gradient_shap,2,0.5462580382385955
4646740_3486248476_6_left_neural_foraminal_narrowing_l1_l2,gradient_shap,3,0.6823072506919676
4646740_3486248476_6_left_neural_foraminal_narrowing_l1_l2,gradient_shap,4,0.4121087727774223
4646740_3486248476_6_left_neural_foraminal_narrowing_l1_l2,gradient_shap,5,0.6135508600707664
4646740_3486248476_6_left_neural_foraminal_narrowing_l1_l2,occlusion,1,0.6411002997489766
4646740_3486248476_6_left_neural_foraminal_narrowing_l1_l2,occlusion,2,0.1730291022268928
4646740_3486248476_6_left_neural_foraminal_narrowing_l1_l2,occlusion,3,0.11394396336882867
4646740_3486248476_6_left_neural_foraminal_narrowing_l1_l2,occlusion,4,0.10349177092613314
4646740_3486248476_6_left_neural_foraminal_narrowing_l1_l2,occlusion,5,0.15700732643173654
4646740_3486248476_7_left_neural_foraminal_narrowing_l5_s1,gradcam,1,0.33835061614243445
4646740_3486248476_7_left_neural_foraminal_narrowing_l5_s1,gradcam,2,0.027836178408427652
4646740_3486248476_7_left_neural_foraminal_narrowing_l5_s1,gradcam,3,0.28607657188814684
4646740_3486248476_7_left_neural_foraminal_narrowing_l5_s1,gradcam,4,0.1320351900247441
4646740_3486248476_7_left_neural_foraminal_narrowing_l5_s1,gradcam,5,0.2536076760551002
4646740_3486248476_7_left_neural_foraminal_narrowing_l5_s1,integrated_gradients,1,0.806954855176891
4646740_3486248476_7_left_neural_foraminal_narrowing_l5_s1,integrated_gradients,2,0.6065929213540858
4646740_3486248476_7_left_neural_foraminal_narrowing_l5_s1,integrated_gradients,3,0.7512540984939249
4646740_3486248476_7_left_neural_foraminal_narrowing_l5_s1,integrated_gradients,4,0.5232533081735933
4646740_3486248476_7_left_neural_foraminal_narrowing_l5_s1,integrated_gradients,5,0.5707842208763686
4646740_3486248476_7_left_neural_foraminal_narrowing_l5_s1,gradient_shap,1,0.8252248957079824
4646740_3486248476_7_left_neural_foraminal_narrowing_l5_s1,gradient_shap,2,0.6630442128675761
4646740_3486248476_7_left_neural_foraminal_narrowing_l5_s1,gradient_shap,3,0.7304488819443662
4646740_3486248476_7_left_neural_foraminal_narrowing_l5_s1,gradient_shap,4,0.5381539497118769
4646740_3486248476_7_left_neural_foraminal_narrowing_l5_s1,gradient_shap,5,0.6021268794171069
4646740_3486248476_7_left_neural_foraminal_narrowing_l5_s1,occlusion,1,0.4795940461719524
4646740_3486248476_7_left_neural_foraminal_narrowing_l5_s1,occlusion,2,0.09658001378738436
4646740_3486248476_7_left_neural_foraminal_narrowing_l5_s1,occlusion,3,0.07552915008355937
4646740_3486248476_7_left_neural_foraminal_narrowing_l5_s1,occlusion,4,0.07575130357162974
4646740_3486248476_7_left_neural_foraminal_narrowing_l5_s1,occlusion,5,0.22432746530675057
4646740_3486248476_15_right_neural_foraminal_narrowing_l2_l3,gradcam,1,0.2849244798903464
4646740_3486248476_15_right_neural_foraminal_narrowing_l2_l3,gradcam,2,0.11355418695783961
4646740_3486248476_15_right_neural_foraminal_narrowing_l2_l3,gradcam,3,0.2662585736099575
4646740_3486248476_15_right_neural_foraminal_narrowing_l2_l3,gradcam,4,0.13365764851874856
4646740_3486248476_15_right_neural_foraminal_narrowing_l2_l3,gradcam,5,0.2057007664822785
4646740_3486248476_15_right_neural_foraminal_narrowing_l2_l3,integrated_gradients,1,0.8430830534855209
4646740_3486248476_15_right_neural_foraminal_narrowing_l2_l3,integrated_gradients,2,0.79075113320097
4646740_3486248476_15_right_neural_foraminal_narrowing_l2_l3,integrated_gradients,3,0.6380052004056979
4646740_3486248476_15_right_neural_foraminal_narrowing_l2_l3,integrated_gradients,4,0.681927612040215
4646740_3486248476_15_right_neural_foraminal_narrowing_l2_l3,integrated_gradients,5,0.5743612399594415
4646740_3486248476_15_right_neural_foraminal_narrowing_l2_l3,gradient_shap,1,0.8419016973482083
4646740_3486248476_15_right_neural_foraminal_narrowing_l2_l3,gradient_shap,2,0.7305406832897494
4646740_3486248476_15_right_neural_foraminal_narrowing_l2_l3,gradient_shap,3,0.5579424653485034
4646740_3486248476_15_right_neural_foraminal_narrowing_l2_l3,gradient_shap,4,0.7174791258881488
4646740_3486248476_15_right_neural_foraminal_narrowing_l2_l3,gradient_shap,5,0.4852802110687258
4646740_3486248476_15_right_neural_foraminal_narrowing_l2_l3,occlusion,1,0.5660683526551039
4646740_3486248476_15_right_neural_foraminal_narrowing_l2_l3,occlusion,2,0.03621815548267456
4646740_3486248476_15_right_neural_foraminal_narrowing_l2_l3,occlusion,3,0.056606592481988946
4646740_3486248476_15_right_neural_foraminal_narrowing_l2_l3,occlusion,4,0.05739324294835969
4646740_3486248476_15_right_neural_foraminal_narrowing_l2_l3,occlusion,5,0.08562911843809497
4646740_3486248476_15_right_neural_foraminal_narrowing_l3_l4,gradcam,1,0.47658713528741886
4646740_3486248476_15_right_neural_foraminal_narrowing_l3_l4,gradcam,2,0.11963834260024155
4646740_3486248476_15_right_neural_foraminal_narrowing_l3_l4,gradcam,3,0.1994882023885124
4646740_3486248476_15_right_neural_foraminal_narrowing_l3_l4,gradcam,4,0.16160462166602776
4646740_3486248476_15_right_neural_foraminal_narrowing_l3_l4,gradcam,5,0.10109482119033421
4646740_3486248476_15_right_neural_foraminal_narrowing_l3_l4,integrated_gradients,1,0.8665836172364568
4646740_3486248476_15_right_neural_foraminal_narrowing_l3_l4,integrated_gradients,2,0.5791117893374617
4646740_3486248476_15_right_neural_foraminal_narrowing_l3_l4,integrated_gradients,3,0.7089559978801261
4646740_3486248476_15_right_neural_foraminal_narrowing_l3_l4,integrated_gradients,4,0.6758815378861902
4646740_3486248476_15_right_neural_foraminal_narrowing_l3_l4,integrated_gradients,5,0.6817756748676338
4646740_3486248476_15_right_neural_foraminal_narrowing_l3_l4,gradient_shap,1,0.8100826089474534
4646740_3486248476_15_right_neural_foraminal_narrowing_l3_l4,gradient_shap,2,0.43226587647473325
4646740_3486248476_15_right_neural_foraminal_narrowing_l3_l4,gradient_shap,3,0.5712860304141155
4646740_3486248476_15_right_neural_foraminal_narrowing_l3_l4,gradient_shap,4,0.46798201446993026
4646740_3486248476_15_right_neural_foraminal_narrowing_l3_l4,gradient_shap,5,0.7152713525937423
4646740_3486248476_15_right_neural_foraminal_narrowing_l3_l4,occlusion,1,0.704671873966112
4646740_3486248476_15_right_neural_foraminal_narrowing_l3_l4,occlusion,2,0.1280843999442741
4646740_3486248476_15_right_neural_foraminal_narrowing_l3_l4,occlusion,3,0.05863594128597172
4646740_3486248476_15_right_neural_foraminal_narrowing_l3_l4,occlusion,4,0.07547190450822025
4646740_3486248476_15_right_neural_foraminal_narrowing_l3_l4,occlusion,5,0.08595591036841062
4646740_3486248476_16_right_neural_foraminal_narrowing_l1_l2,gradcam,1,0.37978882222521543
4646740_3486248476_16_right_neural_foraminal_narrowing_l1_l2,gradcam,2,0.17573073006107448
4646740_3486248476_16_right_neural_foraminal_narrowing_l1_l2,gradcam,3,0.24851710186521392
4646740_3486248476_16_right_neural_foraminal_narrowing_l1_l2,gradcam,4,0.15665011941712229
4646740_3486248476_16_right_neural_foraminal_narrowing_l1_l2,gradcam,5,0.3494956009796481
4646740_3486248476_16_right_neural_foraminal_narrowing_l1_l2,integrated_gradients,1,0.9215412742442057
4646740_3486248476_16_right_neural_foraminal_narrowing_l1_l2,integrated_gradients,2,0.69297191895326
4646740_3486248476_16_right_neural_foraminal_narrowing_l1_l2,integrated_gradients,3,0.7583721391412899
4646740_3486248476_16_right_neural_foraminal_narrowing_l1_l2,integrated_gradients,4,0.5545983375704676
4646740_3486248476_16_right_neural_foraminal_narrowing_l1_l2,integrated_gradients,5,0.6841724596483193
4646740_3486248476_16_right_neural_foraminal_narrowing_l1_l2,gradient_shap,1,0.9057718025768619
4646740_3486248476_16_right_neural_foraminal_narrowing_l1_l2,gradient_shap,2,0.7299878830514747
4646740_3486248476_16_right_neural_foraminal_narrowing_l1_l2,gradient_shap,3,0.6991012212306826
4646740_3486248476_16_right_neural_foraminal_narrowing_l1_l2,gradient_shap,4,0.4649262138149687
4646740_3486248476_16_right_neural_foraminal_narrowing_l1_l2,gradient_shap,5,0.6394938435433462
4646740_3486248476_16_right_neural_foraminal_narrowing_l1_l2,occlusion,1,0.8077252470787676
4646740_3486248476_16_right_neural_foraminal_narrowing_l1_l2,occlusion,2,0.0957792612985386
4646740_3486248476_16_right_neural_foraminal_narrowing_l1_l2,occlusion,3,0.04343852023756355
4646740_3486248476_16_right_neural_foraminal_narrowing_l1_l2,occlusion,4,0.056560197565243865
4646740_3486248476_16_right_neural_foraminal_narrowing_l1_l2,occlusion,5,0.09046058830607272
4646740_3486248476_17_right_neural_foraminal_narrowing_l4_l5,gradcam,1,-0.026334934318281218
4646740_3486248476_17_right_neural_foraminal_narrowing_l4_l5,gradcam,2,0.19499208490437167
4646740_3486248476_17_right_neural_foraminal_narrowing_l4_l5,gradcam,3,0.17345362074476106
4646740_3486248476_17_right_neural_foraminal_narrowing_l4_l5,gradcam,4,0.053679189931412706
4646740_3486248476_17_right_neural_foraminal_narrowing_l4_l5,gradcam,5,0.22502704915800603
4646740_3486248476_17_right_neural_foraminal_narrowing_l4_l5,integrated_gradients,1,0.8936114798868803
4646740_3486248476_17_right_neural_foraminal_narrowing_l4_l5,integrated_gradients,2,0.7068284978605287
4646740_3486248476_17_right_neural_foraminal_narrowing_l4_l5,integrated_gradients,3,0.7773455187378776
4646740_3486248476_17_right_neural_foraminal_narrowing_l4_l5,integrated_gradients,4,0.5265667589278914
4646740_3486248476_17_right_neural_foraminal_narrowing_l4_l5,integrated_gradients,5,0.6509643794018777
4646740_3486248476_17_right_neural_foraminal_narrowing_l4_l5,gradient_shap,1,0.949872771509267
4646740_3486248476_17_right_neural_foraminal_narrowing_l4_l5,gradient_shap,2,0.5348397295302648
4646740_3486248476_17_right_neural_foraminal_narrowing_l4_l5,gradient_shap,3,0.5737380347619764
4646740_3486248476_17_right_neural_foraminal_narrowing_l4_l5,gradient_shap,4,0.4516355158204746
4646740_3486248476_17_right_neural_foraminal_narrowing_l4_l5,gradient_shap,5,0.5746150049072744
4646740_3486248476_17_right_neural_foraminal_narrowing_l4_l5,occlusion,1,0.6113991672372194
4646740_3486248476_17_right_neural_foraminal_narrowing_l4_l5,occlusion,2,0.10417939770673608
4646740_3486248476_17_right_neural_foraminal_narrowing_l4_l5,occlusion,3,0.05491352065840943
4646740_3486248476_17_right_neural_foraminal_narrowing_l4_l5,occlusion,4,0.057117215914973846
4646740_3486248476_17_right_neural_foraminal_narrowing_l4_l5,occlusion,5,0.04566338376167019
4646740_3486248476_17_right_neural_foraminal_narrowing_l5_s1,gradcam,1,0.3559786276716887
4646740_3486248476_17_right_neural_foraminal_narrowing_l5_s1,gradcam,2,0.1798707550094763
4646740_3486248476_17_right_neural_foraminal_narrowing_l5_s1,gradcam,3,0.1611794713492112
4646740_3486248476_17_right_neural_foraminal_narrowing_l5_s1,gradcam,4,0.09309571710625293
4646740_3486248476_17_right_neural_foraminal_narrowing_l5_s1,gradcam,5,0.2108354567042257
4646740_3486248476_17_right_neural_foraminal_narrowing_l5_s1,integrated_gradients,1,0.8119270831659048
4646740_3486248476_17_right_neural_foraminal_narrowing_l5_s1,integrated_gradients,2,0.6069063747024424
4646740_3486248476_17_right_neural_foraminal_narrowing_l5_s1,integrated_gradients,3,0.5858193381349693
4646740_3486248476_17_right_neural_foraminal_narrowing_l5_s1,integrated_gradients,4,0.5591744286569315
4646740_3486248476_17_right_neural_foraminal_narrowing_l5_s1,integrated_gradients,5,0.6007908399387193
4646740_3486248476_17_right_neural_foraminal_narrowing_l5_s1,gradient_shap,1,0.777728798945287
4646740_3486248476_17_right_neural_foraminal_narrowing_l5_s1,gradient_shap,2,0.7738213388053037
4646740_3486248476_17_right_neural_foraminal_narrowing_l5_s1,gradient_shap,3,0.5534309888848411
4646740_3486248476_17_right_neural_foraminal_narrowing_l5_s1,gradient_shap,4,0.6016233233164161
4646740_3486248476_17_right_neural_foraminal_narrowing_l5_s1,gradient_shap,5,0.5301117439710238
4646740_3486248476_17_right_neural_foraminal_narrowing_l5_s1,occlusion,1,0.5529507823103612
4646740_3486248476_17_right_neural_foraminal_narrowing_l5_s1,occlusion,2,0.15293796029975373
4646740_3486248476_17_right_neural_foraminal_narrowing_l5_s1,occlusion,3,0.04540291300618356
4646740_3486248476_17_right_neural_foraminal_narrowing_l5_s1,occlusion,4,0.060711002394886186
4646740_3486248476_17_right_neural_foraminal_narrowing_l5_s1,occlusion,5,0.06231637539295258
4646740_3666319702_9_spinal_canal_stenosis_l3_l4,gradcam,1,-0.013085933985646038
4646740_3666319702_9_spinal_canal_stenosis_l3_l4,gradcam,2,0.5768389879940192
4646740_3666319702_9_spinal_canal_stenosis_l3_l4,gradcam,3,0.005496941333192714
4646740_3666319702_9_spinal_canal_stenosis_l3_l4,gradcam,4,0.677078606386307
4646740_3666319702_9_spinal_canal_stenosis_l3_l4,gradcam,5,0.550117094931741
4646740_3666319702_9_spinal_canal_stenosis_l3_l4,integrated_gradients,1,0.6589725415617091
4646740_3666319702_9_spinal_canal_stenosis_l3_l4,integrated_gradients,2,0.6024711627589858
4646740_3666319702_9_spinal_canal_stenosis_l3_l4,integrated_gradients,3,0.5336507996640207
4646740_3666319702_9_spinal_canal_stenosis_l3_l4,integrated_gradients,4,0.6473202135966013
4646740_3666319702_9_spinal_canal_stenosis_l3_l4,integrated_gradients,5,0.5017157555172946
4646740_3666319702_9_spinal_canal_stenosis_l3_l4,gradient_shap,1,0.7200849943238357
4646740_3666319702_9_spinal_canal_stenosis_l3_l4,gradient_shap,2,0.6667412255903166
4646740_3666319702_9_spinal_canal_stenosis_l3_l4,gradient_shap,3,0.6851002114251206
4646740_3666319702_9_spinal_canal_stenosis_l3_l4,gradient_shap,4,0.6528377554821662
4646740_3666319702_9_spinal_canal_stenosis_l3_l4,gradient_shap,5,0.48668181168785
4646740_3666319702_9_spinal_canal_stenosis_l3_l4,occlusion,1,0.654635540307379
4646740_3666319702_9_spinal_canal_stenosis_l3_l4,occlusion,2,0.1261507961327623
4646740_3666319702_9_spinal_canal_stenosis_l3_l4,occlusion,3,0.10778228258289974
4646740_3666319702_9_spinal_canal_stenosis_l3_l4,occlusion,4,0.11287153591153193
4646740_3666319702_9_spinal_canal_stenosis_l3_l4,occlusion,5,0.05058208865703827
4646740_3666319702_10_spinal_canal_stenosis_l1_l2,gradcam,1,0.12433257280925887
4646740_3666319702_10_spinal_canal_stenosis_l1_l2,gradcam,2,0.10430914386846558
4646740_3666319702_10_spinal_canal_stenosis_l1_l2,gradcam,3,0.016049397276503518
4646740_3666319702_10_spinal_canal_stenosis_l1_l2,gradcam,4,0.24183379309604713
4646740_3666319702_10_spinal_canal_stenosis_l1_l2,gradcam,5,0.11297166494317082
4646740_3666319702_10_spinal_canal_stenosis_l1_l2,integrated_gradients,1,0.5827914255982941
4646740_3666319702_10_spinal_canal_stenosis_l1_l2,integrated_gradients,2,0.4670925258642261
4646740_3666319702_10_spinal_canal_stenosis_l1_l2,integrated_gradients,3,0.4530265826403699
4646740_3666319702_10_spinal_canal_stenosis_l1_l2,integrated_gradients,4,0.47820358347058733
4646740_3666319702_10_spinal_canal_stenosis_l1_l2,integrated_gradients,5,0.27266714826769456
4646740_3666319702_10_spinal_canal_stenosis_l1_l2,gradient_shap,1,0.6390801822391564
4646740_3666319702_10_spinal_canal_stenosis_l1_l2,gradient_shap,2,0.4871697354812145
4646740_3666319702_10_spinal_canal_stenosis_l1_l2,gradient_shap,3,0.4851434305635631
4646740_3666319702_10_spinal_canal_stenosis_l1_l2,gradient_shap,4,0.4849491647741787
4646740_3666319702_10_spinal_canal_stenosis_l1_l2,gradient_shap,5,0.297482887274688
4646740_3666319702_10_spinal_canal_stenosis_l1_l2,occlusion,1,0.6884417899851555
4646740_3666319702_10_spinal_canal_stenosis_l1_l2,occlusion,2,0.20466260708687528
4646740_3666319702_10_spinal_canal_stenosis_l1_l2,occlusion,3,0.14204782661612247
4646740_3666319702_10_spinal_canal_stenosis_l1_l2,occlusion,4,0.13795581166021242
4646740_3666319702_10_spinal_canal_stenosis_l1_l2,occlusion,5,0.10802836550419741
4646740_3666319702_10_spinal_canal_stenosis_l2_l3,gradcam,1,0.4490959380491337
4646740_3666319702_10_spinal_canal_stenosis_l2_l3,gradcam,2,-0.010740186970596645
4646740_3666319702_10_spinal_canal_stenosis_l2_l3,gradcam,3,-0.0237081330864149
4646740_3666319702_10_spinal_canal_stenosis_l2_l3,gradcam,4,0.08704381349768829
4646740_3666319702_10_spinal_canal_stenosis_l2_l3,gradcam,5,0.7954286349435228
4646740_3666319702_10_spinal_canal_stenosis_l2_l3,integrated_gradients,1,0.8031227223430402
4646740_3666319702_10_spinal_canal_stenosis_l2_l3,integrated_gradients,2,0.7219019329183719
4646740_3666319702_10_spinal_canal_stenosis_l2_l3,integrated_gradients,3,0.6429991226598745
4646740_3666319702_10_spinal_canal_stenosis_l2_l3,integrated_gradients,4,0.680567727690485
4646740_3666319702_10_spinal_canal_stenosis_l2_l3,integrated_gradients,5,0.5502876906470954
4646740_3666319702_10_spinal_canal_stenosis_l2_l3,gradient_shap,1,0.6056269377768438
4646740_3666319702_10_spinal_canal_stenosis_l2_l3,gradient_shap,2,0.6063349685636893
4646740_3666319702_10_spinal_canal_stenosis_l2_l3,gradient_shap,3,0.5889195699438804
4646740_3666319702_10_spinal_canal_stenosis_l2_l3,gradient_shap,4,0.6254701512604209
4646740_3666319702_10_spinal_canal_stenosis_l2_l3,gradient_shap,5,0.5868203182752736
4646740_3666319702_10_spinal_canal_stenosis_l2_l3,occlusion,1,0.5974021574892632
4646740_3666319702_10_spinal_canal_stenosis_l2_l3,occlusion,2,0.11465739433486911
4646740_3666319702_10_spinal_canal_stenosis_l2_l3,occlusion,3,0.1231206452206215
4646740_3666319702_10_spinal_canal_stenosis_l2_l3,occlusion,4,0.049324171540416226
4646740_3666319702_10_spinal_canal_stenosis_l2_l3,occlusion,5,0.15588727688809345
4646740_3666319702_10_spinal_canal_stenosis_l4_l5,gradcam,1,0.5843298017188516
4646740_3666319702_10_spinal_canal_stenosis_l4_l5,gradcam,2,0.5047407892755924
4646740_3666319702_10_spinal_canal_stenosis_l4_l5,gradcam,3,0.024428087290172897
4646740_3666319702_10_spinal_canal_stenosis_l4_l5,gradcam,4,0.10727418201784966
4646740_3666319702_10_spinal_canal_stenosis_l4_l5,gradcam,5,0.05221872676729852
4646740_3666319702_10_spinal_canal_stenosis_l4_l5,integrated_gradients,1,0.7406443511611591
4646740_3666319702_10_spinal_canal_stenosis_l4_l5,integrated_gradients,2,0.635098428422364
4646740_3666319702_10_spinal_canal_stenosis_l4_l5,integrated_gradients,3,0.5391070990178661
4646740_3666319702_10_spinal_canal_stenosis_l4_l5,integrated_gradients,4,0.5192900054794738
4646740_3666319702_10_spinal_canal_stenosis_l4_l5,integrated_gradients,5,0.39316191740379525
4646740_3666319702_10_spinal_canal_stenosis_l4_l5,gradient_shap,1,0.7709162637770498
4646740_3666319702_10_spinal_canal_stenosis_l4_l5,gradient_shap,2,0.5942453665940305
4646740_3666319702_10_spinal_canal_stenosis_l4_l5,gradient_shap,3,0.6226599505294234
4646740_3666319702_10_spinal_canal_stenosis_l4_l5,gradient_shap,4,0.5700461959543691
4646740_3666319702_10_spinal_canal_stenosis_l4_l5,gradient_shap,5,0.4377152687262364
4646740_3666319702_10_spinal_canal_stenosis_l4_l5,occlusion,1,0.36571698304488603
4646740_3666319702_10_spinal_canal_stenosis_l4_l5,occlusion,2,0.21075115530309085
4646740_3666319702_10_spinal_canal_stenosis_l4_l5,occlusion,3,0.08954214408166494
4646740_3666319702_10_spinal_canal_stenosis_l4_l5,occlusion,4,0.08598610445365898
4646740_3666319702_10_spinal_canal_stenosis_l4_l5,occlusion,5,0.19793915925212086
4646740_3666319702_11_spinal_canal_stenosis_l5_s1,gradcam,1,0.8398386248734021
4646740_3666319702_11_spinal_canal_stenosis_l5_s1,gradcam,2,0.7529729559487994
4646740_3666319702_11_spinal_canal_stenosis_l5_s1,gradcam,3,0.16353015196550363
4646740_3666319702_11_spinal_canal_stenosis_l5_s1,gradcam,4,0.844101020051982
4646740_3666319702_11_spinal_canal_stenosis_l5_s1,gradcam,5,0.7727438465683426
4646740_3666319702_11_spinal_canal_stenosis_l5_s1,integrated_gradients,1,0.6605227468077104
4646740_3666319702_11_spinal_canal_stenosis_l5_s1,integrated_gradients,2,0.5532060968967211
4646740_3666319702_11_spinal_canal_stenosis_l5_s1,integrated_gradients,3,0.5105625549151072
4646740_3666319702_11_spinal_canal_stenosis_l5_s1,integrated_gradients,4,0.5598387125336746
4646740_3666319702_11_spinal_canal_stenosis_l5_s1,integrated_gradients,5,0.304859948355982
4646740_3666319702_11_spinal_canal_stenosis_l5_s1,gradient_shap,1,0.6965991192131316
4646740_3666319702_11_spinal_canal_stenosis_l5_s1,gradient_shap,2,0.5322255547480783
4646740_3666319702_11_spinal_canal_stenosis_l5_s1,gradient_shap,3,0.4883355746063549
4646740_3666319702_11_spinal_canal_stenosis_l5_s1,gradient_shap,4,0.4582353454694722
4646740_3666319702_11_spinal_canal_stenosis_l5_s1,gradient_shap,5,0.28265125899573806
4646740_3666319702_11_spinal_canal_stenosis_l5_s1,occlusion,1,0.4141479440813261
4646740_3666319702_11_spinal_canal_stenosis_l5_s1,occlusion,2,0.1193892747504495
4646740_3666319702_11_spinal_canal_stenosis_l5_s1,occlusion,3,0.12513768988296275
4646740_3666319702_11_spinal_canal_stenosis_l5_s1,occlusion,4,0.14567011488876447
4646740_3666319702_11_spinal_canal_stenosis_l5_s1,occlusion,5,0.09016351184793506
